-- phpMyAdmin SQL Dump
-- version OVH
-- https://www.phpmyadmin.net/
--
-- Hôte : kwkespobdd.mysql.db
-- Généré le : jeu. 14 avr. 2022 à 10:43
-- Version du serveur : 5.6.50-log
-- Version de PHP : 7.4.25

SET SQL_MODE = "NO_AUTO_VALUE_ON_ZERO";
START TRANSACTION;
SET time_zone = "+00:00";


/*!40101 SET @OLD_CHARACTER_SET_CLIENT=@@CHARACTER_SET_CLIENT */;
/*!40101 SET @OLD_CHARACTER_SET_RESULTS=@@CHARACTER_SET_RESULTS */;
/*!40101 SET @OLD_COLLATION_CONNECTION=@@COLLATION_CONNECTION */;
/*!40101 SET NAMES utf8mb4 */;

--
-- Base de données : `kwkespobdd`
--

-- --------------------------------------------------------

--
-- Structure de la table `friends`
--

CREATE TABLE `friends` (
  `id` int(11) NOT NULL,
  `pseudo` varchar(100) NOT NULL,
  `xp` int(11) NOT NULL,
  `lvl` int(11) NOT NULL
) ENGINE=InnoDB DEFAULT CHARSET=latin1;

-- --------------------------------------------------------

--
-- Structure de la table `infirmary`
--

CREATE TABLE `infirmary` (
  `id` int(11) NOT NULL,
  `id_carte` int(11) DEFAULT NULL,
  `id_user` int(11) DEFAULT NULL,
  `nbrTour` int(11) NOT NULL DEFAULT '3'
) ENGINE=InnoDB DEFAULT CHARSET=latin1;

-- --------------------------------------------------------

--
-- Structure de la table `kard`
--

CREATE TABLE `kard` (
  `id` int(11) NOT NULL,
  `nom` varchar(255) CHARACTER SET utf8 COLLATE utf8_unicode_ci NOT NULL,
  `rare` varchar(10) CHARACTER SET utf8 COLLATE utf8_unicode_ci NOT NULL,
  `valeur` int(11) NOT NULL,
  `image` varchar(255) CHARACTER SET utf8 COLLATE utf8_unicode_ci NOT NULL
) ENGINE=MyISAM DEFAULT CHARSET=latin1;

--
-- Déchargement des données de la table `kard`
--

INSERT INTO `kard` (`id`, `nom`, `rare`, `valeur`, `image`) VALUES
(1, '4RZ', 'OR', 8400, 'images/kards/4RZ 8400 OR.png'),
(2, '7ROT', 'OR', 7300, 'images/kards/7ROT 7300 OR.png'),
(3, '97DEFAUTL', 'OR', 7400, 'images/kards/97DEFAUTL 7400 OR.png'),
(4, 'ADRIT', 'OR', 7600, 'images/kards/ADRIT 7600 OR.png'),
(5, 'ADVIES', 'OR', 7200, 'images/kards/ADVIES 7200 OR.png'),
(6, 'AIRWASK', 'OR', 7200, 'images/kards/AIRWASK 7200 OR.png'),
(7, 'AND', 'OR', 7400, 'images/kards/AND 7400 OR.png'),
(8, 'ARTRO', 'OR', 7200, 'images/kards/ARTRO 7200 OR.png'),
(9, 'ARTXO', 'OR', 7100, 'images/kards/ARTXO 7100 OR.png'),
(10, 'ASTROSZM', 'OR', 7400, 'images/kards/ASTROSZM 7400 OR.png'),
(11, 'AWEAR', 'OR', 7200, 'images/kards/AWEAR 7200 OR.png'),
(12, 'AYABRAFFO', 'OR', 7200, 'images/kards/AYABRAFFO 7200 OR.png'),
(13, 'BABUK', 'OR', 7300, 'images/kards/BABUK 7300 OR.png'),
(14, 'BADSNIPRE', 'OR', 7400, 'images/kards/BADSNIPRE 7400 OR.png'),
(15, 'BAOYN', 'OR', 7100, 'images/kards/BAOYN 7100 OR.png'),
(16, 'BENJIFYSHI', 'OR', 8000, 'images/kards/BENJIFYSHI 8000 OR.png'),
(17, 'BLAKCY', 'OR', 7500, 'images/kards/BLAKCY 7500 OR.png'),
(18, 'BLASRT', 'OR', 7500, 'images/kards/BLASRT 7500 OR.png'),
(19, 'CAPSERSA', 'OR', 7200, 'images/kards/CAPSERSA 7200 OR.png'),
(20, 'CEESYA', 'OR', 7000, 'images/kards/CEESYA 7000 OR.png'),
(21, 'CHAPXI', 'OR', 9000, 'images/kards/CHAPXI 9000 OR.png'),
(22, 'CLEMNET', 'OR', 7900, 'images/kards/CLEMNET 7900 OR.png'),
(23, 'CRUSIT', 'OR', 7100, 'images/kards/CRUSIT 7100 OR.png'),
(24, 'CRWO', 'OR', 7100, 'images/kards/CRWO 7100 OR.png'),
(25, 'CRYDE', 'OR', 7000, 'images/kards/CRYDE 7000 OR.png'),
(26, 'CVRYB', 'OR', 7000, 'images/kards/CVRYB 7000 OR.png'),
(541, 'ZANWIE', 'AR', 4200, 'images/kards/ZANWIE 4200 AR.png'),
(28, 'DAIBLO', 'OR', 7200, 'images/kards/DAIBLO 7200 OR.png'),
(29, 'DECYPTSO', 'OR', 8200, 'images/kards/DECYPTSO 8200 OR.png'),
(30, 'DIRTXX', 'OR', 7300, 'images/kards/DIRTXX 7300 OR.png'),
(31, 'DOWNSK2', 'OR', 7400, 'images/kards/DOWNSK2 7400 OR.png'),
(32, 'DSK', 'OR', 7600, 'images/kards/DSK 7600 OR.png'),
(33, 'EDISNO', 'OR', 7100, 'images/kards/EDISNO 7100 OR.png'),
(34, 'EGMR', 'OR', 7100, 'images/kards/EGMR 7100 OR.png'),
(35, 'ELOKRAZT', 'OR', 7000, 'images/kards/ELOKRAZT 7000 OR.png'),
(36, 'EMRRXX', 'OR', 7500, 'images/kards/EMRRXX 7500 OR.png'),
(37, 'ENDRETAT', 'OR', 8100, 'images/kards/ENDRETAT 8100 OR.png'),
(38, 'ETSYFTN', 'OR', 7400, 'images/kards/ETSYFTN 7400 OR.png'),
(39, 'FALCONYL', 'OR', 7400, 'images/kards/FALCONYL 7400 OR.png'),
(40, 'FARY', 'OR', 7000, 'images/kards/FARY 7000 OR.png'),
(41, 'FASTROIK', 'OR', 7400, 'images/kards/FASTROIK 7400 OR.png'),
(42, 'FIKCZI', 'OR', 7200, 'images/kards/FIKCZI 7200 OR.png'),
(43, 'FILKK', 'OR', 8500, 'images/kards/FILKK 8500 OR.png'),
(44, 'FIR3HUNTRE', 'OR', 7100, 'images/kards/FIR3HUNTRE 7100 OR.png'),
(45, 'FLECKNE', 'OR', 7200, 'images/kards/FLECKNE 7200 OR.png'),
(46, 'FLIKO', 'OR', 8000, 'images/kards/FLIKO 8000 OR.png'),
(47, 'FLOWSI', 'OR', 7500, 'images/kards/FLOWSI 7500 OR.png'),
(48, 'FREEKOM', 'OR', 7300, 'images/kards/FREEKOM 7300 OR.png'),
(49, 'FYRU', 'OR', 7300, 'images/kards/FYRU 7300 OR.png'),
(50, 'GRE1A', 'OR', 7600, 'images/kards/GRE1A 7600 OR.png'),
(51, 'GRIPYE', 'OR', 7100, 'images/kards/GRIPYE 7100 OR.png'),
(52, 'H1CRYS', 'OR', 7500, 'images/kards/H1CRYS 7500 OR.png'),
(53, 'HARFDIND', 'OR', 7400, 'images/kards/HARFDIND 7400 OR.png'),
(54, 'HELLFIER', 'OR', 7400, 'images/kards/HELLFIER 7400 OR.png'),
(55, 'HIJEO', 'OR', 7100, 'images/kards/HIJEO 7100 OR.png'),
(56, 'HOOKAK', 'OR', 7000, 'images/kards/HOOKAK 7000 OR.png'),
(57, 'HOTTEI', 'OR', 7200, 'images/kards/HOTTEI 7200 OR.png'),
(58, 'HUYT', 'OR', 7100, 'images/kards/HUYT 7100 OR.png'),
(59, 'IARKNN', 'OR', 7400, 'images/kards/IARKNN 7400 OR.png'),
(60, 'IDORP', 'OR', 8100, 'images/kards/IDORP 8100 OR.png'),
(61, 'IMPLUFY', 'OR', 8000, 'images/kards/IMPLUFY 8000 OR.png'),
(62, 'IREZIMU', 'OR', 7600, 'images/kards/IREZIMU 7600 OR.png'),
(63, 'JAMSIED', 'OR', 7200, 'images/kards/JAMSIED 7200 OR.png'),
(64, 'JANENS', 'OR', 7100, 'images/kards/JANENS 7100 OR.png'),
(65, 'JANNIZS', 'OR', 8700, 'images/kards/JANNIZS 8700 OR.png'),
(66, 'JELUS', 'OR', 7200, 'images/kards/JELUS 7200 OR.png'),
(67, 'JEOFN', 'OR', 7500, 'images/kards/JEOFN 7500 OR.png'),
(68, 'JESTKU', 'OR', 7300, 'images/kards/JESTKU 7300 OR.png'),
(69, 'JOKHU', 'OR', 7200, 'images/kards/JOKHU 7200 OR.png'),
(70, 'JURYK3', 'OR', 7700, 'images/kards/JURYK3 7700 OR.png'),
(71, 'KAIM', 'OR', 8400, 'images/kards/KAIM 8400 OR.png'),
(72, 'KARAM', 'OR', 7300, 'images/kards/KARAM 7300 OR.png'),
(73, 'KEOB', 'OR', 7100, 'images/kards/KEOB 7100 OR.png'),
(74, 'KESJER', 'OR', 7200, 'images/kards/KESJER 7200 OR.png'),
(75, 'KFEYY', 'OR', 7100, 'images/kards/KFEYY 7100 OR.png'),
(76, 'KILYX', 'OR', 7100, 'images/kards/KILYX 7100 OR.png'),
(77, 'KIOKO', 'OR', 8000, 'images/kards/KIOKO 8000 OR.png'),
(78, 'KIZEIX', 'OR', 7300, 'images/kards/KIZEIX 7300 OR.png'),
(79, 'KKWTE', 'OR', 7000, 'images/kards/KKWTE 7000 OR.png'),
(80, 'KN1ZELL', 'OR', 8100, 'images/kards/KN1ZELL 8100 OR.png'),
(81, 'KRIZZIL', 'OR', 7400, 'images/kards/KRIZZIL 7400 OR.png'),
(82, 'KUXB', 'OR', 7300, 'images/kards/KUXB 7300 OR.png'),
(83, 'KYILE', 'OR', 7000, 'images/kards/KYILE 7000 OR.png'),
(84, 'KYRIACHE32', 'OR', 8100, 'images/kards/KYRIACHE32 8100 OR.png'),
(85, 'KYZNE', 'OR', 7200, 'images/kards/KYZNE 7200 OR.png'),
(86, 'L1NXK', 'OR', 7000, 'images/kards/L1NXK 7000 OR.png'),
(87, 'LAPHA', 'OR', 7500, 'images/kards/LAPHA 7500 OR.png'),
(88, 'LEGXENZD', 'OR', 7200, 'images/kards/LEGXENZD 7200 OR.png'),
(89, 'LEOTHECRAKC', 'OR', 7400, 'images/kards/LEOTHECRAKC 7400 OR.png'),
(90, 'LETHSE', 'OR', 7000, 'images/kards/LETHSE 7000 OR.png'),
(91, 'LIIAZEN', 'OR', 7200, 'images/kards/LIIAZEN 7200 OR.png'),
(92, 'LIWHSE', 'OR', 7000, 'images/kards/LIWHSE 7000 OR.png'),
(93, 'LUNEF', 'OR', 7400, 'images/kards/LUNEF 7400 OR.png'),
(94, 'LUXAS', 'OR', 7200, 'images/kards/LUXAS 7200 OR.png'),
(95, 'M1OL', 'OR', 7000, 'images/kards/M1OL 7000 OR.png'),
(96, 'MAILBUCA', 'OR', 7400, 'images/kards/MAILBUCA 7400 OR.png'),
(97, 'MAPIP', 'OR', 7300, 'images/kards/MAPIP 7300 OR.png'),
(98, 'MATSEO', 'OR', 8000, 'images/kards/MATSEO 8000 OR.png'),
(99, 'MAWAHKA', 'OR', 7100, 'images/kards/MAWAHKA 7100 OR.png'),
(100, 'MAYHME', 'OR', 7300, 'images/kards/MAYHME 7300 OR.png'),
(101, 'MEAT', 'OR', 7100, 'images/kards/MEAT 7100 OR.png'),
(102, 'MEEX', 'OR', 7600, 'images/kards/MEEX 7600 OR.png'),
(103, 'MERINJ', 'OR', 7600, 'images/kards/MERINJ 7600 OR.png'),
(104, 'MICHEAL', 'OR', 7700, 'images/kards/MICHEAL 7700 OR.png'),
(105, 'MINYN', 'OR', 7100, 'images/kards/MINYN 7100 OR.png'),
(106, 'MIOR', 'OR', 7300, 'images/kards/MIOR 7300 OR.png'),
(107, 'MIRVAN', 'OR', 7200, 'images/kards/MIRVAN 7200 OR.png'),
(108, 'MOHS', 'OR', 7400, 'images/kards/MOHS 7400 OR.png'),
(109, 'MR.J', 'OR', 7200, 'images/kards/MR.J 7200 OR.png'),
(110, 'N1FZT', 'OR', 7000, 'images/kards/N1FZT 7000 OR.png'),
(111, 'NADILEX', 'OR', 8400, 'images/kards/NADILEX 8400 OR.png'),
(112, 'NEAKOZ', 'OR', 7200, 'images/kards/NEAKOZ 7200 OR.png'),
(113, 'NEH', 'OR', 8900, 'images/kards/NEH 8900 OR.png'),
(114, 'NESB', 'OR', 7500, 'images/kards/NESB 7500 OR.png'),
(115, 'NIKFO', 'OR', 7500, 'images/kards/NIKFO 7500 OR.png'),
(116, 'NIHGT', 'OR', 7400, 'images/kards/NIHGT 7400 OR.png'),
(117, 'NOAHREILY', 'OR', 8400, 'images/kards/NOAHREILY 8400 OR.png'),
(118, 'NYATE', 'OR', 8200, 'images/kards/NYATE 8200 OR.png'),
(119, 'ONDANNE', 'OR', 7200, 'images/kards/ONDANNE 7200 OR.png'),
(120, 'PABLOWINUG', 'OR', 7400, 'images/kards/PABLOWINUG 7400 OR.png'),
(121, 'PAKCO', 'OR', 7700, 'images/kards/PAKCO 7700 OR.png'),
(122, 'PASSIQV', 'OR', 7100, 'images/kards/PASSIQV 7100 OR.png'),
(123, 'PAYDD', 'OR', 7100, 'images/kards/PAYDD 7100 OR.png'),
(124, 'PIZZAK4', 'OR', 7600, 'images/kards/PIZZAK4 7600 OR.png'),
(125, 'PODASIA', 'OR', 7100, 'images/kards/PODASIA 7100 OR.png'),
(126, 'PUTRIKC', 'OR', 7600, 'images/kards/PUTRIKC 7600 OR.png'),
(127, 'PXER', 'OR', 7200, 'images/kards/PXER 7200 OR.png'),
(128, 'QET', 'OR', 7300, 'images/kards/QET 7300 OR.png'),
(129, 'QINP', 'OR', 7300, 'images/kards/QINP 7300 OR.png'),
(130, 'QUAESY', 'OR', 8100, 'images/kards/QUAESY 8100 OR.png'),
(131, 'QZ', 'OR', 7300, 'images/kards/QZ 7300 OR.png'),
(132, 'RASKO', 'OR', 7300, 'images/kards/RASKO 7300 OR.png'),
(133, 'REDRUHS', 'OR', 7300, 'images/kards/REDRUHS 7300 OR.png'),
(134, 'RELLVSI', 'OR', 7100, 'images/kards/RELLVSI 7100 OR.png'),
(135, 'RESFGAARD', 'OR', 8300, 'images/kards/RESFGAARD 8300 OR.png'),
(136, 'REZON YA', 'OR', 8500, 'images/kards/REZON YA 8500 OR.png'),
(137, 'RIAFLA', 'OR', 7400, 'images/kards/RIAFLA 7400 OR.png'),
(138, 'RIJARS', 'OR', 7100, 'images/kards/RIJARS 7100 OR.png'),
(139, 'RMSAVAGE', 'OR', 8600, 'images/kards/RMSAVAGE 8600 OR.png'),
(140, 'ROBAZB', 'OR', 7600, 'images/kards/ROBAZB 7600 OR.png'),
(141, 'ROTOYR', 'OR', 7100, 'images/kards/ROTOYR 7100 OR.png'),
(142, 'RRC', 'OR', 7100, 'images/kards/RRC 7100 OR.png'),
(143, 'RWAXX', 'OR', 7100, 'images/kards/RWAXX 7100 OR.png'),
(144, 'SAKIF', 'OR', 7500, 'images/kards/SAKIF 7500 OR.png'),
(145, 'SANA', 'OR', 8500, 'images/kards/SANA 8500 OR.png'),
(146, 'SEAVID', 'OR', 7300, 'images/kards/SEAVID 7300 OR.png'),
(147, 'SEBERAIJKEE', 'OR', 7500, 'images/kards/SEBERAIJKEE 7500 OR.png'),
(148, 'SETYT', 'OR', 8100, 'images/kards/SETYT 8100 OR.png'),
(149, 'SHADWOFN', 'OR', 7400, 'images/kards/SHADWOFN 7400 OR.png'),
(150, 'SHAYD', 'OR', 7000, 'images/kards/SHAYD 7000 OR.png'),
(151, 'SHAYKZO', 'OR', 7600, 'images/kards/SHAYKZO 7600 OR.png'),
(152, 'SHIZOGOD', 'OR', 7500, 'images/kards/SHIZOGOD 7500 OR.png'),
(153, 'SK1LIGHT', 'OR', 7200, 'images/kards/SK1LIGHT 7200 OR.png'),
(154, 'SKARM', 'OR', 7800, 'images/kards/SKARM 7800 OR.png'),
(155, 'SKIET', 'OR', 7400, 'images/kards/SKIET 7400 OR.png'),
(156, 'SLENDRE', 'OR', 8000, 'images/kards/SLENDRE 8000 OR.png'),
(157, 'SLOVYA', 'OR', 7200, 'images/kards/SLOVYA 7200 OR.png'),
(158, 'SLXI', 'OR', 7500, 'images/kards/SLXI 7500 OR.png'),
(159, 'SNAGGDE', 'OR', 7500, 'images/kards/SNAGGDE 7500 OR.png'),
(160, 'SNAYYZ', 'OR', 8500, 'images/kards/SNAYYZ 8500 OR.png'),
(161, 'SPAN', 'OR', 7300, 'images/kards/SPAN 7300 OR.png'),
(162, 'SQL', 'OR', 7300, 'images/kards/SQL 7300 OR.png'),
(163, 'STEELXI', 'OR', 7500, 'images/kards/STEELXI 7500 OR.png'),
(164, 'STIRSYX', 'OR', 7300, 'images/kards/STIRSYX 7300 OR.png'),
(165, 'STMOPY', 'OR', 7500, 'images/kards/STMOPY 7500 OR.png'),
(166, 'STORMRYITE', 'OR', 8000, 'images/kards/STORMRYITE 8000 OR.png'),
(167, 'SUNDDEYL', 'OR', 7300, 'images/kards/SUNDDEYL 7300 OR.png'),
(168, 'SYKZOUW', 'OR', 7200, 'images/kards/SYKZOUW 7200 OR.png'),
(169, 'TELNE', 'OR', 7000, 'images/kards/TELNE 7000 OR.png'),
(170, 'TEQE', 'OR', 8100, 'images/kards/TEQE 8100 OR.png'),
(171, 'TH0MAHSD', 'OR', 8700, 'images/kards/TH0MAHSD 8700 OR.png'),
(172, 'TILL1V', 'OR', 7100, 'images/kards/TILL1V 7100 OR.png'),
(173, 'TOMZY1V', 'OR', 7000, 'images/kards/TOMZY1V 7000 OR.png'),
(174, 'TOOES', 'OR', 8200, 'images/kards/TOOES 8200 OR.png'),
(175, 'TRIPPENR', 'OR', 7400, 'images/kards/TRIPPENR 7400 OR.png'),
(176, 'TRULXE', 'OR', 7900, 'images/kards/TRULXE 7900 OR.png'),
(177, 'TYASON', 'OR', 8900, 'images/kards/TYASON 8900 OR.png'),
(178, 'VADAEL', 'OR', 8500, 'images/kards/VADAEL 8500 OR.png'),
(179, 'VAOT', 'OR', 7200, 'images/kards/VAOT 7200 OR.png'),
(180, 'VEON', 'OR', 7400, 'images/kards/VEON 7400 OR.png'),
(181, 'VEORX', 'OR', 7600, 'images/kards/VEORX 7600 OR.png'),
(182, 'VETEL', 'OR', 7200, 'images/kards/VETEL 7200 OR.png'),
(183, 'VIODD', 'OR', 7600, 'images/kards/VIODD 7600 OR.png'),
(184, 'VOEX', 'OR', 7100, 'images/kards/VOEX 7100 OR.png'),
(185, 'VORTXE', 'OR', 7500, 'images/kards/VORTXE 7500 OR.png'),
(186, 'WAFFALR', 'OR', 7000, 'images/kards/WAFFALR 7000 OR.png'),
(187, 'WAKEI', 'OR', 8000, 'images/kards/WAKEI 8000 OR.png'),
(188, 'WANLATS', 'OR', 7100, 'images/kards/WANLATS 7100 OR.png'),
(189, 'WAZI', 'OR', 7200, 'images/kards/WAZI 7200 OR.png'),
(190, 'WOLFEIZ', 'OR', 7500, 'images/kards/WOLFEIZ 7500 OR.png'),
(191, 'WSAG', 'OR', 7400, 'images/kards/WSAG 7400 OR.png'),
(192, 'WUFLEE', 'OR', 7300, 'images/kards/WUFLEE 7300 OR.png'),
(193, 'WYZPI', 'OR', 7300, 'images/kards/WYZPI 7300 OR.png'),
(194, 'XSTEROIZ', 'OR', 7400, 'images/kards/XSTEROIZ 7400 OR.png'),
(195, 'XSWEEEZ', 'OR', 8400, 'images/kards/XSWEEEZ 8400 OR.png'),
(196, '8X', 'OR', 7200, 'images/kards/8X 7200 OR.png'),
(197, 'ZAAR', 'OR', 7100, 'images/kards/ZAAR 7100 OR.png'),
(198, 'ZCAJNIKKK', 'OR', 7200, 'images/kards/ZCAJNIKKK 7200 OR.png'),
(199, 'ZESTNO', 'OR', 7000, 'images/kards/ZESTNO 7000 OR.png'),
(200, 'ZHYN1', 'OR', 7200, 'images/kards/ZHYN1 7200 OR.png'),
(201, 'ZYEKOO', 'OR', 7200, 'images/kards/ZYEKOO 7200 OR.png'),
(202, '1CSUU', 'AR', 5500, 'images/kards/1CSUU 5500 AR.png'),
(203, '2HE', 'AR', 5500, 'images/kards/2HE 5500 AR.png'),
(204, '404ROKCY', 'AR', 4900, 'images/kards/404ROKCY 4900 AR.png'),
(205, 'ADRI', 'AR', 5800, 'images/kards/ADRI 5800 AR.png'),
(206, 'AIRRTAP', 'AR', 4300, 'images/kards/AIRRTAP 4300 AR.png'),
(207, 'ANTORKA', 'AR', 5100, 'images/kards/ANTORKA 5100 AR.png'),
(208, 'AQAU', 'AR', 6000, 'images/kards/AQAU 6000 AR.png'),
(209, 'ARAINA SMG', 'AR', 4200, 'images/kards/ARAINA SMG 4200 AR.png'),
(210, 'ARAYN', 'AR', 5000, 'images/kards/ARAYN 5000 AR.png'),
(211, 'ARINO', 'AR', 4900, 'images/kards/ARINO 4900 AR.png'),
(212, 'ARKCOZZ', 'AR', 4600, 'images/kards/ARKCOZZ 4600 AR.png'),
(213, 'ATR1ST', 'AR', 4400, 'images/kards/ATR1ST 4400 AR.png'),
(214, 'ATRSKILL', 'AR', 4200, 'images/kards/ATRSKILL 4200 AR.png'),
(215, 'AURORE', 'AR', 4200, 'images/kards/AURORE 4200 AR.png'),
(216, 'AXELIOT', 'AR', 5100, 'images/kards/AXELIOT 5100 AR.png'),
(217, 'AYSSIN', 'AR', 4700, 'images/kards/AYSSIN 4700 AR.png'),
(218, 'BAFGIZ', 'AR', 6000, 'images/kards/BAFGIZ 6000 AR.png'),
(219, 'BARADMAN', 'AR', 4100, 'images/kards/BARADMAN 4100 AR.png'),
(220, 'BARW', 'AR', 5700, 'images/kards/BARW 5700 AR.png'),
(221, 'BEETEW', 'AR', 4400, 'images/kards/BEETEW 4400 AR.png'),
(222, 'BHYARRY', 'AR', 4500, 'images/kards/BHYARRY 4500 AR.png'),
(223, 'KIBDOCAJ', 'AR', 5600, 'images/kards/KIBDOCAJ 5600 AR.png'),
(224, 'BICRHH', 'AR', 4500, 'images/kards/BICRHH 4500 AR.png'),
(225, 'BIFTLOX', 'AR', 5000, 'images/kards/BIFTLOX 5000 AR.png'),
(226, 'BLOOYM', 'AR', 4900, 'images/kards/BLOOYM 4900 AR.png'),
(227, 'BLXA', 'AR', 5000, 'images/kards/BLXA 5000 AR.png'),
(228, 'BOBYB', 'AR', 5800, 'images/kards/BOBYB 5800 AR.png'),
(229, 'BOTTCRH', 'AR', 4300, 'images/kards/BOTTCRH 4300 AR.png'),
(230, 'BOYRE', 'AR', 5400, 'images/kards/BOYRE 5400 AR.png'),
(231, 'BQ', 'AR', 5200, 'images/kards/BQ 5200 AR.png'),
(232, 'BRIDUO', 'AR', 5400, 'images/kards/BRIDUO 5400 AR.png'),
(233, 'BROKNE', 'AR', 4500, 'images/kards/BROKNE 4500 AR.png'),
(234, 'BRONWER', 'AR', 6100, 'images/kards/BRONWER 6100 AR.png'),
(235, 'BRYHT', 'AR', 4300, 'images/kards/BRYHT 4300 AR.png'),
(236, 'C0ED', 'AR', 4600, 'images/kards/C0ED 4600 AR.png'),
(237, 'CALAVE', 'AR', 4700, 'images/kards/CALAVE 4700 AR.png'),
(238, 'CARORT', 'AR', 6000, 'images/kards/CARORT 6000 AR.png'),
(239, 'CASTEYR', 'AR', 6700, 'images/kards/CASTEYR 6700 AR.png'),
(240, 'CELETSAN', 'AR', 4900, 'images/kards/CELETSAN 4900 AR.png'),
(241, 'CHERENTSO', 'AR', 5400, 'images/kards/CHERENTSO 5400 AR.png'),
(242, 'CHIOC', 'AR', 5600, 'images/kards/CHIOC 5600 AR.png'),
(243, 'CONNRO', 'AR', 5600, 'images/kards/CONNRO 5600 AR.png'),
(244, 'COOKEI', 'AR', 4400, 'images/kards/COOKEI 4400 AR.png'),
(245, 'CRAKC', 'AR', 5200, 'images/kards/CRAKC 5200 AR.png'),
(246, 'CRONW', 'AR', 5600, 'images/kards/CRONW 5600 AR.png'),
(247, 'CTHYPSS', 'AR', 5300, 'images/kards/CTHYPSS 5300 AR.png'),
(248, 'DADNIR', 'AR', 5500, 'images/kards/DADNIR 5500 AR.png'),
(249, 'DAI', 'AR', 4900, 'images/kards/DAI 4900 AR.png'),
(250, 'DANA', 'AR', 5900, 'images/kards/DANA 5900 AR.png'),
(251, 'DANGOSM', 'AR', 4600, 'images/kards/DANGOSM 4600 AR.png'),
(252, 'DARKRE', 'AR', 6700, 'images/kards/DARKRE 6700 AR.png'),
(253, 'DAZB', 'AR', 6500, 'images/kards/DAZB 6500 AR.png'),
(254, 'DDIZZZ', 'AR', 4900, 'images/kards/DDIZZZ 4900 AR.png'),
(255, 'DEVNO', 'AR', 5800, 'images/kards/DEVNO 5800 AR.png'),
(256, 'DEYN', 'AR', 5200, 'images/kards/DEYN 5200 AR.png'),
(257, 'DEZQYY', 'AR', 5500, 'images/kards/DEZQYY 5500 AR.png'),
(258, 'DIOCEES', 'AR', 5700, 'images/kards/DIOCEES 5700 AR.png'),
(259, 'DOMENTSO', 'AR', 5800, 'images/kards/DOMENTSO 5800 AR.png'),
(260, 'DOYX', 'AR', 4800, 'images/kards/DOYX 4800 AR.png'),
(261, 'DRYVIG', 'AR', 5500, 'images/kards/DRYVIG 5500 AR.png'),
(262, 'DUKYE', 'AR', 6100, 'images/kards/DUKYE 6100 AR.png'),
(263, 'EATSH', 'AR', 6600, 'images/kards/EATSH 6600 AR.png'),
(264, 'ECI', 'AR', 4300, 'images/kards/ECI 4300 AR.png'),
(265, 'EFFECTKZ', 'AR', 4500, 'images/kards/EFFECTKZ 4500 AR.png'),
(266, 'ELAWAR', 'AR', 4000, 'images/kards/ELAWAR 4000 AR.png'),
(267, 'ELCIPSE', 'AR', 4900, 'images/kards/ELCIPSE 4900 AR.png'),
(268, 'ENET', 'AR', 5100, 'images/kards/ENET 5100 AR.png'),
(269, 'ENSRA', 'AR', 5600, 'images/kards/ENSRA 5600 AR.png'),
(270, 'ERKI', 'AR', 6600, 'images/kards/ERKI 6600 AR.png'),
(271, 'ESCONAR', 'AR', 4100, 'images/kards/ESCONAR 4100 AR.png'),
(272, 'ESSTIMA', 'AR', 5000, 'images/kards/ESSTIMA 5000 AR.png'),
(273, 'ETHNY', 'AR', 4800, 'images/kards/ETHNY 4800 AR.png'),
(274, 'FANAKAL13', 'AR', 4100, 'images/kards/FANAKAL13 4100 AR.png'),
(275, 'FASHFILL', 'AR', 4600, 'images/kards/FASHFILL 4600 AR.png'),
(276, 'FFEJ', 'AR', 4200, 'images/kards/FFEJ 4200 AR.png'),
(277, 'FLYGNO', 'AR', 4400, 'images/kards/FLYGNO 4400 AR.png'),
(278, 'FLYZ', 'AR', 5600, 'images/kards/FLYZ 5600 AR.png'),
(279, 'FNINEX', 'AR', 6500, 'images/kards/FNINEX 6500 AR.png'),
(280, 'FOKR', 'AR', 5300, 'images/kards/FOKR 5300 AR.png'),
(281, 'FOLRIINX', 'AR', 5700, 'images/kards/FOLRIINX 5700 AR.png'),
(282, 'FORCEKYI', 'AR', 6100, 'images/kards/FORCEKYI 6100 AR.png'),
(283, 'FRAEKYY', 'AR', 6200, 'images/kards/FRAEKYY 6200 AR.png'),
(284, 'FREDOXEI', 'AR', 6300, 'images/kards/FREDOXEI 6300 AR.png'),
(285, 'FREYD', 'AR', 4900, 'images/kards/FREYD 4900 AR.png'),
(286, 'FROZNE', 'AR', 5200, 'images/kards/FROZNE 5200 AR.png'),
(287, 'FULU', 'AR', 5800, 'images/kards/FULU 5800 AR.png'),
(288, 'FUSOIN', 'AR', 6000, 'images/kards/FUSOIN 6000 AR.png'),
(289, 'FXRDDY', 'AR', 6500, 'images/kards/FXRDDY 6500 AR.png'),
(290, 'GHOTSY4K', 'AR', 4300, 'images/kards/GHOTSY4K 4300 AR.png'),
(291, 'GOOGS', 'AR', 4900, 'images/kards/GOOGS 4900 AR.png'),
(292, 'GOTSA', 'AR', 4800, 'images/kards/GOTSA 4800 AR.png'),
(293, 'GRIFFNF', 'AR', 5600, 'images/kards/GRIFFNF 5600 AR.png'),
(294, 'HAAKWON', 'AR', 4300, 'images/kards/HAAKWON 4300 AR.png'),
(295, 'HAETZY', 'AR', 6800, 'images/kards/HAETZY 6800 AR.png'),
(296, 'HAFLDUMB', 'AR', 5600, 'images/kards/HAFLDUMB 5600 AR.png'),
(297, 'HELXI', 'AR', 5200, 'images/kards/HELXI 5200 AR.png'),
(298, 'HSMEKY', 'AR', 6600, 'images/kards/HSMEKY 6600 AR.png'),
(299, 'HSUZEYY', 'AR', 6300, 'images/kards/HSUZEYY 6300 AR.png'),
(300, 'HYEP', 'AR', 5100, 'images/kards/HYEP 5100 AR.png'),
(301, 'HYHPEN', 'AR', 4500, 'images/kards/HYHPEN 4500 AR.png'),
(302, 'HYNEI', 'AR', 6000, 'images/kards/HYNEI 6000 AR.png'),
(303, 'IGNAYS', 'AR', 4400, 'images/kards/IGNAYS 4400 AR.png'),
(304, 'IOBOOHAI', 'AR', 4500, 'images/kards/IOBOOHAI 4500 AR.png'),
(305, 'J4HCU', 'AR', 6800, 'images/kards/J4HCU 6800 AR.png'),
(306, 'JACWLI', 'AR', 5900, 'images/kards/JACWLI 5900 AR.png'),
(307, 'JAISM', 'AR', 4900, 'images/kards/JAISM 4900 AR.png'),
(308, 'JAMHSOOD7', 'AR', 6000, 'images/kards/JAMHSOOD7 6000 AR.png'),
(309, 'JAZM', 'AR', 5100, 'images/kards/JAZM 5100 AR.png'),
(310, 'JENKS', 'AR', 5600, 'images/kards/JENKS 5600 AR.png'),
(311, 'JENNRE', 'AR', 5100, 'images/kards/JENNRE 5100 AR.png'),
(312, 'JIMEK', 'AR', 5600, 'images/kards/JIMEK 5600 AR.png'),
(313, 'JOEY', 'AR', 5600, 'images/kards/JOEY 5600 AR.png'),
(314, 'JONH6', 'AR', 5700, 'images/kards/JONH6 5700 AR.png'),
(315, 'JOOLXE', 'AR', 5100, 'images/kards/JOOLXE 5100 AR.png'),
(316, 'JOOOOJ', 'AR', 4900, 'images/kards/JOOOOJ 4900 AR.png'),
(317, 'JOWCOWW', 'AR', 4100, 'images/kards/JOWCOWW 4100 AR.png'),
(318, 'JOZZK', 'AR', 5700, 'images/kards/JOZZK 5700 AR.png'),
(319, 'JRGQE', 'AR', 5500, 'images/kards/JRGQE 5500 AR.png'),
(320, 'JSAPAAY', 'AR', 5500, 'images/kards/JSAPAAY 5500 AR.png'),
(321, 'JSOEEH', 'AR', 5900, 'images/kards/JSOEEH 5900 AR.png'),
(322, 'JULIANCONR', 'AR', 4700, 'images/kards/JULIANCONR 4700 AR.png'),
(323, 'KAANED', 'AR', 5700, 'images/kards/KAANED 5700 AR.png'),
(324, 'KAIN', 'AR', 4700, 'images/kards/KAIN 4700 AR.png'),
(325, 'KARTNU', 'AR', 5400, 'images/kards/KARTNU 5400 AR.png'),
(326, 'KELYF', 'AR', 4500, 'images/kards/KELYF 4500 AR.png'),
(327, 'KIADON', 'AR', 6200, 'images/kards/KIADON 6200 AR.png'),
(328, 'KIDOUO', 'AR', 5600, 'images/kards/KIDOUO 5600 AR.png'),
(329, 'KINADR0', 'AR', 4200, 'images/kards/KINADR0 4200 AR.png'),
(330, 'KIRAHA', 'AR', 5300, 'images/kards/KIRAHA 5300 AR.png'),
(331, 'KIZYZ', 'AR', 4400, 'images/kards/KIZYZ 4400 AR.png'),
(332, 'KLINBREI', 'AR', 6400, 'images/kards/KLINBREI 6400 AR.png'),
(333, 'KLUSAI', 'AR', 5800, 'images/kards/KLUSAI 5800 AR.png'),
(334, 'KNEN', 'AR', 6900, 'images/kards/KNEN 6900 AR.png'),
(335, 'KNIEFR', 'AR', 6500, 'images/kards/KNIEFR 6500 AR.png'),
(336, 'KOROLK1', 'AR', 4900, 'images/kards/KOROLK1 4900 AR.png'),
(337, 'KQAIIN', 'AR', 6000, 'images/kards/KQAIIN 6000 AR.png'),
(338, 'KREZJ', 'AR', 5200, 'images/kards/KREZJ 5200 AR.png'),
(339, 'KUIJY', 'AR', 5500, 'images/kards/KUIJY 5500 AR.png'),
(340, 'KXUMU', 'AR', 5600, 'images/kards/KXUMU 5600 AR.png'),
(341, 'L1USHAFN', 'AR', 6100, 'images/kards/L1USHAFN 6100 AR.png'),
(342, 'LAARAZOV', 'AR', 4200, 'images/kards/LAARAZOV 4200 AR.png'),
(343, 'LAEM', 'AR', 5000, 'images/kards/LAEM 5000 AR.png'),
(344, 'LAZERIS', 'AR', 4300, 'images/kards/LAZERIS 4300 AR.png'),
(345, 'LEONLFARES', 'AR', 4800, 'images/kards/LEONLFARES 4800 AR.png'),
(346, 'LETW3K1', 'AR', 5300, 'images/kards/LETW3K1 5300 AR.png'),
(347, 'LFYY', 'AR', 6700, 'images/kards/LFYY 6700 AR.png'),
(348, 'LOIUS', 'AR', 4600, 'images/kards/LOIUS 4600 AR.png'),
(349, 'LOOCEU', 'AR', 5200, 'images/kards/LOOCEU 5200 AR.png'),
(350, 'LOUR', 'AR', 6500, 'images/kards/LOUR 6500 AR.png'),
(351, 'LOWELSS', 'AR', 5100, 'images/kards/LOWELSS 5100 AR.png'),
(352, 'LOWKY3', 'AR', 5200, 'images/kards/LOWKY3 5200 AR.png'),
(353, 'LUIZS', 'AR', 4300, 'images/kards/LUIZS 4300 AR.png'),
(354, 'M1ELS', 'AR', 4300, 'images/kards/M1ELS 4300 AR.png'),
(355, 'M1NAOT', 'AR', 4400, 'images/kards/M1NAOT 4400 AR.png'),
(356, 'MAKRO', 'AR', 4200, 'images/kards/MAKRO 4200 AR.png'),
(357, 'MALG', 'AR', 4500, 'images/kards/MALG 4500 AR.png'),
(358, 'MALINTWNL', 'AR', 4100, 'images/kards/MALINTWNL 4100 AR.png'),
(359, 'MANUN', 'AR', 5300, 'images/kards/MANUN 5300 AR.png'),
(360, 'MAQR', 'AR', 4200, 'images/kards/MAQR 4200 AR.png'),
(361, 'MARCOET', 'AR', 4600, 'images/kards/MARCOET 4600 AR.png'),
(362, 'MCDABAEST', 'AR', 4200, 'images/kards/MCDABAEST 4200 AR.png'),
(363, 'MCRT', 'AR', 4900, 'images/kards/MCRT 4900 AR.png'),
(364, 'MEASTRO', 'AR', 6800, 'images/kards/MEASTRO 6800 AR.png'),
(365, 'MEDLGAARD', 'AR', 4800, 'images/kards/MEDLGAARD 4800 AR.png'),
(366, 'MELUFN', 'AR', 4200, 'images/kards/MELUFN 4200 AR.png'),
(367, 'MERST4HC', 'AR', 6300, 'images/kards/MERST4HC 6300 AR.png'),
(368, 'MIHCA', 'AR', 4500, 'images/kards/MIHCA 4500 AR.png'),
(369, 'MIKOIN', 'AR', 4600, 'images/kards/MIKOIN 4600 AR.png'),
(370, 'MILNA', 'AR', 6300, 'images/kards/MILNA 6300 AR.png'),
(371, 'MINZOH', 'AR', 5000, 'images/kards/MINZOH 5000 AR.png'),
(372, 'MIRZA', 'AR', 5600, 'images/kards/MIRZA 5600 AR.png'),
(373, 'MITR0', 'AR', 5000, 'images/kards/MITR0 5000 AR.png'),
(374, 'MLOYD', 'AR', 5900, 'images/kards/MLOYD 5900 AR.png'),
(375, 'MNQKIE', 'AR', 5100, 'images/kards/MNQKIE 5100 AR.png'),
(376, 'MOEGGA', 'AR', 4600, 'images/kards/MOEGGA 4600 AR.png'),
(377, 'MOGIN', 'AR', 4300, 'images/kards/MOGIN 4300 AR.png'),
(378, 'MOGNRAAL', 'AR', 5200, 'images/kards/MOGNRAAL 5200 AR.png'),
(379, 'MUTSOR', 'AR', 4300, 'images/kards/MUTSOR 4300 AR.png'),
(380, 'MYAZEN', 'AR', 5100, 'images/kards/MYAZEN 5100 AR.png'),
(381, 'MYGOUET', 'AR', 5600, 'images/kards/MYGOUET 5600 AR.png'),
(382, 'NAET', 'AR', 6000, 'images/kards/NAET 6000 AR.png'),
(383, 'NAO', 'AR', 4400, 'images/kards/NAO 4400 AR.png'),
(384, 'NAOKO', 'AR', 6300, 'images/kards/NAOKO 6300 AR.png'),
(385, 'NEFRIIZ', 'AR', 6900, 'images/kards/NEFRIIZ 6900 AR.png'),
(386, 'NESXX', 'AR', 6000, 'images/kards/NESXX 6000 AR.png'),
(387, 'NEZM', 'AR', 4400, 'images/kards/NEZM 4400 AR.png'),
(388, 'NFAJEN', 'AR', 5700, 'images/kards/NFAJEN 5700 AR.png'),
(389, 'NIDJA', 'AR', 4100, 'images/kards/NIDJA 4100 AR.png'),
(390, 'NPKAYY', 'AR', 5400, 'images/kards/NPKAYY 5400 AR.png'),
(391, 'NZAPPY', 'AR', 6700, 'images/kards/NZAPPY 6700 AR.png'),
(392, 'OGUCRHIK', 'AR', 4300, 'images/kards/OGUCRHIK 4300 AR.png'),
(393, 'ORSB', 'AR', 6800, 'images/kards/ORSB 6800 AR.png'),
(394, 'OVLDER', 'AR', 5300, 'images/kards/OVLDER 5300 AR.png'),
(395, 'PAEC', 'AR', 4500, 'images/kards/PAEC 4500 AR.png'),
(396, 'PAECH', 'AR', 5600, 'images/kards/PAECH 5600 AR.png'),
(397, 'PALBITO', 'AR', 4200, 'images/kards/PALBITO 4200 AR.png'),
(398, 'PENGUWINUG', 'AR', 5500, 'images/kards/PENGUWINUG 5500 AR.png'),
(399, 'PERCEVLA', 'AR', 6900, 'images/kards/PERCEVLA 6900 AR.png'),
(400, 'PIIREEX', 'AR', 4200, 'images/kards/PIIREEX 4200 AR.png'),
(401, 'PIXELPOITR', 'AR', 4100, 'images/kards/PIXELPOITR 4100 AR.png'),
(402, 'PLANZE', 'AR', 5700, 'images/kards/PLANZE 5700 AR.png'),
(403, 'POOP', 'AR', 4100, 'images/kards/POOP 4100 AR.png'),
(404, 'PRIOZZ', 'AR', 4700, 'images/kards/PRIOZZ 4700 AR.png'),
(405, 'PRK20', 'AR', 5900, 'images/kards/PRK20 5900 AR.png'),
(406, 'PROXNE', 'AR', 5600, 'images/kards/PROXNE 5600 AR.png'),
(407, 'PSY38E', 'AR', 5000, 'images/kards/PSY38E 5000 AR.png'),
(408, 'PXXYNE', 'AR', 5100, 'images/kards/PXXYNE 5100 AR.png'),
(409, 'QUENTIN', 'AR', 4200, 'images/kards/QUENTIN 4200 AR.png'),
(410, 'RABDI', 'AR', 6300, 'images/kards/RABDI 6300 AR.png'),
(411, 'RABKUZZ2', 'AR', 4300, 'images/kards/RABKUZZ2 4300 AR.png'),
(412, 'RAEZ', 'AR', 4900, 'images/kards/RAEZ 4900 AR.png'),
(413, 'RAZQ', 'AR', 5800, 'images/kards/RAZQ 5800 AR.png'),
(414, 'RBASA', 'AR', 4800, 'images/kards/RBASA 4800 AR.png'),
(415, 'REMXI', 'AR', 6100, 'images/kards/REMXI 6100 AR.png'),
(416, 'REPPEP', 'AR', 4300, 'images/kards/REPPEP 4300 AR.png'),
(417, 'RETROSH', 'AR', 6300, 'images/kards/RETROSH 6300 AR.png'),
(418, 'RETSYL', 'AR', 4100, 'images/kards/RETSYL 4100 AR.png'),
(419, 'REYDE', 'AR', 4700, 'images/kards/REYDE 4700 AR.png'),
(420, 'RIJNO', 'AR', 5200, 'images/kards/RIJNO 5200 AR.png'),
(421, 'RISKRE', 'AR', 4500, 'images/kards/RISKRE 4500 AR.png'),
(422, 'RISRTETTO', 'AR', 4900, 'images/kards/RISRTETTO 4900 AR.png'),
(423, 'ROBBNA', 'AR', 6100, 'images/kards/ROBBNA 6100 AR.png'),
(424, 'ROBINC', 'AR', 5000, 'images/kards/ROBINC 5000 AR.png'),
(425, 'RONNYTIY', 'AR', 4200, 'images/kards/RONNYTIY 4200 AR.png'),
(426, 'RSSTRIKERR', 'AR', 4700, 'images/kards/RSSTRIKERR 4700 AR.png'),
(427, 'SALDAUT', 'AR', 5700, 'images/kards/SALDAUT 5700 AR.png'),
(428, 'SAMYMY', 'AR', 4400, 'images/kards/SAMYMY 4400 AR.png'),
(429, 'SANGILD', 'AR', 5600, 'images/kards/SANGILD 5600 AR.png'),
(430, 'SAVED', 'AR', 4100, 'images/kards/SAVED 4100 AR.png'),
(431, 'SCOLLHE', 'AR', 4400, 'images/kards/SCOLLHE 4400 AR.png'),
(432, 'SCRIYW', 'AR', 5600, 'images/kards/SCRIYW 5600 AR.png'),
(433, 'SCUOT', 'AR', 4900, 'images/kards/SCUOT 4900 AR.png'),
(434, 'SEANPV', 'AR', 6500, 'images/kards/SEANPV 6500 AR.png'),
(435, 'SEHRAT', 'AR', 6600, 'images/kards/SEHRAT 6600 AR.png'),
(436, 'SERENOX', 'AR', 5500, 'images/kards/SERENOX 5500 AR.png'),
(437, 'SEVENJOHS', 'AR', 4600, 'images/kards/SEVENJOHS 4600 AR.png'),
(438, 'SHACHY', 'AR', 5100, 'images/kards/SHACHY 5100 AR.png'),
(439, 'SHCEMATIC', 'AR', 5500, 'images/kards/SHCEMATIC 5500 AR.png'),
(440, 'SHEE1R', 'AR', 5400, 'images/kards/SHEE1R 5400 AR.png'),
(441, 'SHEGGARN', 'AR', 4100, 'images/kards/SHEGGARN 4100 AR.png'),
(442, 'SINNA', 'AR', 5100, 'images/kards/SINNA 5100 AR.png'),
(443, 'SKKKR', 'AR', 5700, 'images/kards/SKKKR 5700 AR.png'),
(444, 'SKYDUEN', 'AR', 5000, 'images/kards/SKYDUEN 5000 AR.png'),
(445, 'SLLAM', 'AR', 4200, 'images/kards/SLLAM 4200 AR.png'),
(446, 'SNOOLZOOZ', 'AR', 5400, 'images/kards/SNOOLZOOZ 5400 AR.png'),
(447, 'SPA1SH', 'AR', 6400, 'images/kards/SPA1SH 6400 AR.png'),
(448, 'ST LUSHA', 'AR', 4600, 'images/kards/ST LUSHA 4600 AR.png'),
(449, 'STASOIWYY', 'AR', 6500, 'images/kards/STASOIWYY 6500 AR.png'),
(450, 'STEAN', 'AR', 4700, 'images/kards/STEAN 4700 AR.png'),
(451, 'STENON', 'AR', 5700, 'images/kards/STENON 5700 AR.png'),
(452, 'STYLRE', 'AR', 5700, 'images/kards/STYLRE 5700 AR.png'),
(453, 'SUOB', 'AR', 4900, 'images/kards/SUOB 4900 AR.png'),
(454, 'SUPEKYE', 'AR', 5900, 'images/kards/SUPEKYE 5900 AR.png'),
(455, 'SUPRRISE', 'AR', 4600, 'images/kards/SUPRRISE 4600 AR.png'),
(456, 'SWAZP', 'AR', 6200, 'images/kards/SWAZP 6200 AR.png'),
(457, 'SWIIIGTH', 'AR', 5000, 'images/kards/SWIIIGTH 5000 AR.png'),
(458, 'SWITFY', 'AR', 4300, 'images/kards/SWITFY 4300 AR.png'),
(459, 'SWQINNT', 'AR', 6000, 'images/kards/SWQINNT 6000 AR.png'),
(460, 'TAEZ', 'AR', 5000, 'images/kards/TAEZ 5000 AR.png'),
(461, 'TAKCYY', 'AR', 4600, 'images/kards/TAKCYY 4600 AR.png'),
(462, 'TEMPYFI', 'AR', 4900, 'images/kards/TEMPYFI 4900 AR.png'),
(463, 'THOQE', 'AR', 4100, 'images/kards/THOQE 4100 AR.png'),
(464, 'TILTEDTRYHERDAR', 'AR', 4300, 'images/kards/TILTEDTRYHERDAR 4300 AR.png'),
(465, 'TIRXI', 'AR', 5500, 'images/kards/TIRXI 5500 AR.png'),
(466, 'TOSAILPHA', 'AR', 4500, 'images/kards/TOSAILPHA 4500 AR.png'),
(467, 'TOXO', 'AR', 5400, 'images/kards/TOXO 5400 AR.png'),
(468, 'TRAITRO', 'AR', 5800, 'images/kards/TRAITRO 5800 AR.png'),
(469, 'TRIDETN', 'AR', 5600, 'images/kards/TRIDETN 5600 AR.png'),
(470, 'TRIZXO', 'AR', 5500, 'images/kards/TRIZXO 5500 AR.png'),
(471, 'TWANIS', 'AR', 5200, 'images/kards/TWANIS 5200 AR.png'),
(472, 'TWITS', 'AR', 5200, 'images/kards/TWITS 5200 AR.png'),
(473, 'VBLAZIFEID', 'AR', 6200, 'images/kards/VBLAZIFEID 6200 AR.png'),
(474, 'VIRSHU', 'AR', 6300, 'images/kards/VIRSHU 6300 AR.png'),
(475, 'VORTEXAI', 'AR', 4500, 'images/kards/VORTEXAI 4500 AR.png'),
(476, 'VOTREXERS', 'AR', 6500, 'images/kards/VOTREXERS 6500 AR.png'),
(477, 'VYPRE', 'AR', 6800, 'images/kards/VYPRE 6800 AR.png'),
(478, 'WARREKEHC', 'AR', 4700, 'images/kards/WARREKEHC 4700 AR.png'),
(479, 'WEY', 'AR', 4700, 'images/kards/WEY 4700 AR.png'),
(480, 'WIHSI', 'AR', 6700, 'images/kards/WIHSI 6700 AR.png'),
(481, 'WINKIN', 'AR', 4900, 'images/kards/WINKIN 4900 AR.png'),
(482, 'WINSG', 'AR', 6500, 'images/kards/WINSG 6500 AR.png'),
(483, 'WOZDY', 'AR', 4700, 'images/kards/WOZDY 4700 AR.png'),
(484, 'XENOLIHT', 'AR', 4900, 'images/kards/XENOLIHT 4900 AR.png'),
(485, 'XREFLEZX', 'AR', 4700, 'images/kards/XREFLEZX 4700 AR.png'),
(486, 'YASGOU', 'AR', 5500, 'images/kards/YASGOU 5500 AR.png'),
(487, 'YOUNSE', 'AR', 5000, 'images/kards/YOUNSE 5000 AR.png'),
(488, 'YSNNX', 'AR', 6700, 'images/kards/YSNNX 6700 AR.png'),
(489, 'ZANYD', 'AR', 5400, 'images/kards/ZANYD 5400 AR.png'),
(490, 'ZEERXO', 'AR', 5600, 'images/kards/ZEERXO 5600 AR.png'),
(491, 'ZENTEN', 'AR', 4600, 'images/kards/ZENTEN 4600 AR.png'),
(492, 'ZEQC', 'AR', 4600, 'images/kards/ZEQC 4600 AR.png'),
(493, 'ZERBE', 'AR', 4200, 'images/kards/ZERBE 4200 AR.png'),
(494, 'ZEVIMON', 'AR', 4200, 'images/kards/ZEVIMON 4200 AR.png'),
(495, 'ZEWNIA', 'AR', 4200, 'images/kards/ZEWNIA 4200 AR.png'),
(496, 'ZONAH', 'AR', 4300, 'images/kards/ZONAH 4300 AR.png'),
(497, 'ZR', 'AR', 4900, 'images/kards/ZR 4900 AR.png'),
(498, '', '', 0, ''),
(499, '', '', 0, ''),
(500, '', '', 0, ''),
(501, 'KINTSAAR', 'EVENT', 8300, 'images/kards/KINTSAAR 8300 EVENT.png'),
(502, 'ASSI', 'EVENT', 8100, 'images/kards/ASSI 8100 EVENT.png'),
(503, 'BALX', 'EVENT', 7600, 'images/kards/BALX 7600 EVENT.png'),
(504, 'BELEAU', 'EVENT', 8500, 'images/kards/BELEAU 8500 EVENT.png'),
(505, 'BENJIFYSHI', 'EVENT', 8300, 'images/kards/BENJIFYSHI 8300 EVENT.png'),
(506, 'BLASRT', 'EVENT', 7600, 'images/kards/BLASRT 7600 EVENT.png'),
(507, 'COER', 'EVENT', 7800, 'images/kards/COER 7800 EVENT.png'),
(508, 'CREU', 'EVENT', 9000, 'images/kards/CREU 9000 EVENT.png'),
(509, 'DEIGO', 'EVENT', 8100, 'images/kards/DEIGO 8100 EVENT.png'),
(510, 'DGR', 'EVENT', 7900, 'images/kards/DGR 7900 EVENT.png'),
(511, 'DOMENTSO', 'EVENT', 8500, 'images/kards/DOMENTSO 8500 EVENT.png'),
(512, 'ENDRATTE', 'EVENT', 8400, 'images/kards/ENDRATTE 8400 EVENT.png'),
(513, 'EQMU', 'EVENT', 7700, 'images/kards/EQMU 7700 EVENT.png'),
(514, 'EROUEC', 'EVENT', 7700, 'images/kards/EROUEC 7700 EVENT.png'),
(515, 'FLEDERMYOS', 'EVENT', 7700, 'images/kards/FLEDERMYOS 7700 EVENT.png'),
(516, 'FWYXE', 'EVENT', 8200, 'images/kards/FWYXE 8200 EVENT.png'),
(517, 'JARSOK', 'EVENT', 7800, 'images/kards/JARSOK 7800 EVENT.png'),
(518, 'KAHRU', 'EVENT', 7500, 'images/kards/KAHRU 7500 EVENT.png'),
(519, 'KLUSAI', 'EVENT', 7900, 'images/kards/KLUSAI 7900 EVENT.png'),
(520, 'KN1ZELL', 'EVENT', 8200, 'images/kards/KN1ZELL 8200 EVENT.png'),
(521, 'LETFEYE', 'EVENT', 8000, 'images/kards/LETFEYE 8000 EVENT.png'),
(522, 'LETHSE', 'EVENT', 8100, 'images/kards/LETHSE 8100 EVENT.png'),
(523, 'LETW3K1', 'EVENT', 7700, 'images/kards/LETW3K1 7700 EVENT.png'),
(524, 'LOLMOOB', 'EVENT', 7800, 'images/kards/LOLMOOB 7800 EVENT.png'),
(525, 'LUIK', 'EVENT', 7600, 'images/kards/LUIK 7600 EVENT.png'),
(526, 'LYGTH', 'EVENT', 7600, 'images/kards/LYGTH 7600 EVENT.png'),
(527, 'MARTENE', 'EVENT', 7500, 'images/kards/MARTENE 7500 EVENT.png'),
(528, 'MONRGAAL', 'EVENT', 8600, 'images/kards/MONRGAAL 8600 EVENT.png'),
(529, 'NYATE', 'EVENT', 8800, 'images/kards/NYATE 8800 EVENT.png'),
(530, 'PRISOIN', 'EVENT', 7900, 'images/kards/PRISOIN 7900 EVENT.png'),
(531, 'RMSAVAGE', 'EVENT', 8200, 'images/kards/RMSAVAGE 8200 EVENT.png'),
(532, 'ROBAZB', 'EVENT', 7500, 'images/kards/ROBAZB 7500 EVENT.png'),
(533, 'SFEEM', 'EVENT', 8000, 'images/kards/SFEEM 8000 EVENT.png'),
(534, 'SKIALER', 'EVENT', 8400, 'images/kards/SKIALER 8400 EVENT.png'),
(535, 'SKIET', 'EVENT', 8900, 'images/kards/SKIET 8900 EVENT.png'),
(536, 'SNAYYZ', 'EVENT', 7500, 'images/kards/SNAYYZ 7500 EVENT.png'),
(537, 'STMOPY', 'EVENT', 8600, 'images/kards/STMOPY 8600 EVENT.png'),
(538, 'TEQE', 'EVENT', 8000, 'images/kards/TEQE 8000 EVENT.png'),
(539, 'THCUB', 'EVENT', 8700, 'images/kards/THCUB 8700 EVENT.png'),
(540, 'WAKEI', 'EVENT', 7800, 'images/kards/WAKEI 7800 EVENT.png'),
(542, 'ZANWIE', 'AR', 4200, 'ZANWIE 4200 AR.png'),
(573, 'VEON', 'EVENT', 8400, 'images/kards/VEON 8400 EVENT.png'),
(571, 'AQAU', 'EVENT', 8500, 'images/kards/AQAU 8500 EVENT.png'),
(545, 'VADAEL', 'EVENT', 8800, 'images/kards/VADEAL 8800 EVENT.png'),
(546, '97DEFAUTL', 'EVENT', 8900, 'images/kards/97DEFAULT 8900 EVENT.png'),
(547, 'ANAS', 'EVENT', 8700, 'images/kards/ANAS 8700 EVENT.png'),
(548, 'SANA', 'EVENT', 8700, 'images/kards/ANAS 8700 EVENT.png'),
(549, 'CHAPXI', 'EVENT', 9100, 'images/kards/CHAPIX 9100 EVENT.png'),
(550, 'FYRU', 'EVENT', 8900, 'images/kards/FURYLEGENDARY 8900 EVENT.png'),
(551, 'NEH', 'EVENT', 9100, 'images/kards/HEN 9100 EVENT.png'),
(552, 'JANNIZS', 'EVENT', 8800, 'images/kards/JANNIZS 8800 EVENT.png'),
(553, 'KAIM', 'EVENT', 9000, 'images/kards/KAMI 9000 EVENT.png'),
(554, 'L1NXK', 'EVENT', 9000, 'images/kards/KAMI 9000 EVENT.png'),
(555, 'NOAHREYLI', 'EVENT', 8800, 'images/kards/NOAHREYLI 8800 EVENT.png'),
(556, 'QUAESY', 'EVENT', 8700, 'images/kards/QUAESY 8700 EVENT.png'),
(557, 'SETYT', 'EVENT', 9000, 'images/kards/SETTY 9000 EVENT.png'),
(558, 'TYASON', 'EVENT', 9100, 'images/kards/TAYSON 9100 EVENT.png'),
(559, 'TEQE', 'EVENT', 9000, 'images/kards/TEEQ 9000 EVENT.png'),
(560, 'THOMAHSD', 'EVENT', 8700, 'images/kards/THOMASHD 8700 EVENT.png'),
(561, 'CHIOC', 'EVENT', 8800, 'images/kards/CHIOC 8800 EVENT.png'),
(562, 'JANNIZS', 'EVENT', 8900, 'images/kards/JANNIZS 8900 EVENT.png'),
(563, 'KYRIACHE', 'EVENT', 9100, 'images/kards/KYRIACHE 9100 EVENT.png'),
(564, 'NEH', 'EVENT', 9200, 'images/kards/NEH 9200 EVENT.png'),
(565, 'QUAESY', 'EVENT', 9200, 'images/kards/QUAESY 9200 EVENT.png'),
(566, 'STORMRYITE', 'EVENT', 9100, 'images/kards/STORMRYITE 9100 EVENT.png'),
(567, 'THOMAHSD', 'EVENT', 9000, 'images/kards/THOMAHSD 9000 EVENT.png'),
(568, 'TRULXE', 'EVENT', 8800, 'images/kards/TRULXE 8800 EVENT.png'),
(569, 'TYASON', 'EVENT', 9000, 'images/kards/TYASON 9000 EVENT.png'),
(570, 'VORTXE', 'EVENT', 8900, 'images/kards/VORTXE 8900 EVENT.png'),
(575, 'DECYPTSO', 'EVENT', 8500, 'images/kards/DECYPTSO 8500 EVENT.png');

-- --------------------------------------------------------

--
-- Structure de la table `ukards`
--

CREATE TABLE `ukards` (
  `rowID` int(11) NOT NULL,
  `UserID` int(11) NOT NULL,
  `KardID` int(11) NOT NULL
) ENGINE=MyISAM DEFAULT CHARSET=latin1;

--
-- Déchargement des données de la table `ukards`
--

INSERT INTO `ukards` (`rowID`, `UserID`, `KardID`) VALUES
(1, 14, 231),
(2, 14, 215),
(3, 14, 275),
(4, 14, 140),
(5, 14, 138),
(6, 12, 210),
(7, 12, 333),
(8, 12, 448),
(9, 12, 113),
(10, 12, 45),
(11, 12, 61),
(12, 12, 95),
(13, 12, 81),
(14, 12, 107),
(15, 12, 53),
(16, 13, 199),
(17, 13, 106),
(18, 13, 148),
(19, 13, 110),
(20, 13, 125),
(21, 19, 497),
(22, 19, 291),
(23, 19, 320),
(24, 19, 51),
(25, 19, 9),
(26, 19, 216),
(27, 19, 476),
(28, 19, 316),
(29, 19, 139),
(30, 19, 91),
(31, 19, 128),
(32, 19, 155),
(33, 19, 185),
(34, 19, 15),
(35, 19, 92),
(36, 19, 498),
(37, 19, 248),
(38, 19, 355),
(39, 19, 317),
(40, 19, 229),
(41, 19, 412),
(42, 19, 312),
(43, 19, 467),
(44, 19, 264),
(45, 19, 368),
(46, 19, 119),
(47, 19, 164),
(48, 19, 71),
(49, 19, 110),
(50, 19, 15),
(51, 19, 354),
(52, 19, 322),
(53, 19, 387),
(54, 19, 406),
(55, 19, 279),
(56, 19, 161),
(57, 19, 96),
(58, 19, 73),
(59, 19, 183),
(60, 19, 61),
(61, 20, 248),
(62, 20, 383),
(63, 20, 404),
(64, 20, 58),
(65, 20, 173),
(66, 21, 157),
(67, 21, 91),
(68, 21, 116),
(69, 21, 152),
(70, 21, 121),
(71, 21, 552),
(72, 106, 30),
(73, 105, 346),
(74, 21, 181),
(75, 21, 132),
(76, 22, 169),
(77, 22, 4),
(78, 22, 127),
(79, 22, 53),
(80, 22, 31),
(81, 22, 309),
(82, 22, 276),
(83, 22, 496),
(84, 22, 6),
(85, 22, 70),
(86, 22, 433),
(87, 22, 464),
(88, 22, 332),
(89, 22, 115),
(90, 22, 121),
(91, 105, 72),
(92, 106, 88),
(93, 106, 65),
(94, 21, 100),
(95, 21, 94),
(96, 21, 140),
(97, 21, 78),
(98, 21, 27),
(99, 21, 62),
(100, 21, 23),
(1452, 104, 459),
(1448, 104, 128),
(103, 24, 111),
(104, 24, 21),
(105, 80, 21),
(107, 21, 92),
(108, 21, 88),
(109, 21, 198),
(110, 21, 47),
(111, 21, 35),
(112, 106, 181),
(113, 21, 413),
(114, 21, 205),
(115, 21, 76),
(116, 21, 131),
(117, 25, 479),
(118, 25, 339),
(119, 25, 247),
(120, 25, 178),
(121, 25, 157),
(122, 25, 196),
(123, 25, 28),
(124, 25, 101),
(125, 25, 168),
(126, 25, 42),
(127, 25, 340),
(128, 25, 382),
(129, 25, 360),
(130, 25, 186),
(131, 25, 41),
(132, 25, 76),
(133, 25, 150),
(134, 25, 136),
(135, 25, 67),
(136, 25, 89),
(137, 20, 83),
(138, 20, 63),
(139, 20, 132),
(140, 20, 118),
(141, 20, 65),
(142, 20, 472),
(143, 20, 482),
(144, 20, 408),
(145, 20, 122),
(146, 20, 81),
(147, 35, 344),
(148, 35, 231),
(149, 35, 450),
(150, 35, 130),
(151, 35, 91),
(152, 35, 141),
(153, 35, 80),
(154, 35, 193),
(155, 35, 164),
(156, 35, 103),
(157, 35, 46),
(158, 35, 171),
(159, 35, 114),
(160, 35, 197),
(161, 35, 177),
(162, 35, 241),
(163, 35, 305),
(164, 35, 214),
(165, 35, 98),
(166, 35, 71),
(167, 35, 428),
(168, 35, 469),
(169, 35, 285),
(170, 35, 122),
(171, 35, 178),
(172, 37, 151),
(173, 37, 196),
(174, 37, 1),
(175, 37, 37),
(176, 37, 159),
(177, 37, 459),
(178, 37, 371),
(179, 37, 281),
(180, 37, 128),
(181, 37, 156),
(182, 38, 161),
(183, 38, 90),
(184, 38, 198),
(185, 38, 173),
(186, 38, 112),
(187, 38, 287),
(188, 38, 437),
(189, 38, 291),
(190, 38, 49),
(191, 38, 18),
(192, 36, 267),
(193, 36, 418),
(194, 36, 324),
(195, 36, 83),
(196, 36, 114),
(197, 36, 99),
(198, 36, 44),
(199, 36, 127),
(200, 36, 155),
(201, 36, 31),
(202, 35, 260),
(203, 35, 215),
(204, 35, 344),
(205, 35, 122),
(206, 35, 108),
(207, 39, 340),
(208, 39, 474),
(209, 39, 280),
(210, 39, 71),
(211, 39, 99),
(212, 39, 118),
(213, 39, 53),
(214, 39, 22),
(215, 39, 101),
(216, 39, 34),
(217, 40, 200),
(218, 40, 489),
(219, 40, 269),
(220, 40, 100),
(221, 40, 122),
(222, 35, 174),
(223, 35, 193),
(224, 35, 83),
(225, 35, 153),
(226, 35, 199),
(227, 43, 413),
(228, 43, 297),
(229, 43, 223),
(230, 43, 59),
(231, 43, 134),
(951, 80, 502),
(233, 80, 33),
(234, 24, 145),
(235, 24, 29),
(236, 105, 185),
(237, 105, 497),
(238, 105, 245),
(239, 21, 88),
(240, 21, 158),
(241, 21, 45),
(242, 21, 90),
(243, 21, 177),
(244, 21, 52),
(245, 21, 11),
(246, 44, 283),
(247, 44, 437),
(248, 44, 408),
(249, 44, 42),
(250, 44, 126),
(251, 45, 324),
(252, 45, 318),
(253, 45, 398),
(254, 45, 166),
(255, 45, 27),
(256, 45, 325),
(257, 45, 398),
(258, 45, 325),
(259, 45, 119),
(260, 45, 119),
(261, 47, 415),
(262, 47, 204),
(263, 47, 246),
(264, 47, 102),
(265, 47, 36),
(266, 46, 436),
(267, 46, 390),
(268, 46, 308),
(269, 46, 98),
(270, 46, 58),
(271, 46, 88),
(272, 46, 2),
(273, 46, 134),
(274, 46, 145),
(275, 46, 112),
(276, 48, 268),
(277, 48, 273),
(278, 48, 487),
(279, 48, 149),
(280, 48, 27),
(281, 48, 92),
(282, 48, 28),
(283, 48, 86),
(284, 48, 9),
(285, 48, 134),
(286, 19, 375),
(287, 19, 319),
(288, 19, 418),
(289, 19, 53),
(290, 19, 47),
(291, 19, 306),
(292, 19, 496),
(293, 19, 424),
(294, 19, 185),
(295, 19, 113),
(296, 19, 195),
(297, 19, 160),
(298, 19, 22),
(299, 19, 67),
(300, 19, 174),
(301, 19, 100),
(302, 19, 88),
(303, 19, 36),
(304, 19, 32),
(305, 19, 26),
(306, 50, 410),
(307, 50, 204),
(308, 50, 338),
(309, 50, 189),
(310, 50, 127),
(311, 50, 191),
(312, 50, 109),
(313, 50, 52),
(314, 50, 151),
(315, 50, 116),
(316, 51, 219),
(317, 51, 342),
(318, 51, 211),
(319, 51, 107),
(320, 51, 143),
(321, 52, 338),
(322, 52, 465),
(323, 52, 484),
(324, 52, 161),
(325, 52, 57),
(326, 52, 140),
(327, 52, 87),
(328, 52, 108),
(329, 52, 170),
(330, 52, 71),
(331, 53, 268),
(332, 53, 242),
(333, 53, 251),
(334, 53, 137),
(335, 53, 137),
(336, 54, 293),
(337, 54, 332),
(338, 54, 441),
(339, 54, 20),
(340, 54, 39),
(341, 55, 101),
(342, 55, 104),
(343, 55, 133),
(344, 55, 142),
(345, 55, 59),
(346, 55, 291),
(347, 55, 475),
(348, 55, 353),
(349, 55, 18),
(350, 55, 90),
(351, 35, 329),
(352, 35, 293),
(353, 35, 280),
(354, 35, 238),
(355, 35, 461),
(356, 35, 464),
(357, 35, 455),
(358, 35, 473),
(359, 35, 391),
(360, 35, 447),
(361, 57, 118),
(362, 57, 191),
(363, 57, 115),
(364, 57, 153),
(365, 57, 519),
(366, 57, 336),
(367, 57, 328),
(368, 57, 262),
(369, 57, 183),
(370, 57, 4),
(371, 25, 306),
(372, 25, 336),
(373, 25, 413),
(374, 25, 31),
(375, 25, 72),
(376, 25, 134),
(377, 25, 6),
(378, 25, 142),
(379, 25, 187),
(380, 25, 525),
(381, 58, 491),
(382, 58, 480),
(383, 58, 342),
(384, 58, 106),
(385, 58, 195),
(386, 58, 72),
(387, 58, 14),
(388, 58, 142),
(389, 58, 182),
(390, 58, 540),
(391, 59, 155),
(392, 59, 18),
(393, 59, 120),
(394, 59, 94),
(395, 59, 520),
(396, 48, 276),
(397, 48, 440),
(398, 48, 285),
(399, 48, 139),
(400, 48, 130),
(401, 61, 145),
(402, 61, 142),
(403, 61, 118),
(404, 61, 29),
(405, 61, 527),
(406, 61, 312),
(407, 61, 267),
(408, 61, 345),
(409, 61, 125),
(410, 61, 109),
(411, 35, 332),
(412, 35, 389),
(413, 35, 494),
(414, 35, 445),
(415, 35, 379),
(416, 62, 398),
(417, 62, 424),
(418, 62, 392),
(419, 62, 98),
(420, 62, 81),
(421, 62, 40),
(422, 62, 48),
(423, 62, 83),
(424, 62, 33),
(425, 62, 526),
(426, 63, 369),
(427, 63, 433),
(428, 63, 266),
(429, 63, 185),
(430, 63, 160),
(431, 64, 444),
(432, 64, 482),
(433, 64, 215),
(434, 64, 29),
(435, 64, 100),
(436, 35, 494),
(437, 35, 205),
(438, 35, 413),
(439, 35, 156),
(440, 35, 125),
(441, 80, 510),
(442, 24, 113),
(443, 24, 501),
(444, 66, 255),
(445, 66, 485),
(446, 66, 419),
(447, 66, 140),
(448, 66, 25),
(449, 66, 166),
(450, 66, 167),
(451, 66, 114),
(452, 66, 162),
(453, 66, 517),
(454, 35, 343),
(455, 35, 367),
(456, 35, 369),
(457, 35, 26),
(458, 35, 31),
(459, 67, 207),
(460, 67, 363),
(461, 67, 231),
(462, 67, 45),
(463, 67, 195),
(464, 67, 88),
(465, 67, 137),
(466, 67, 82),
(467, 67, 119),
(468, 67, 529),
(469, 67, 11),
(470, 67, 29),
(471, 67, 201),
(472, 67, 99),
(473, 67, 534),
(474, 67, 174),
(475, 67, 60),
(476, 67, 155),
(477, 67, 186),
(478, 67, 529),
(479, 68, 436),
(480, 68, 237),
(481, 68, 239),
(482, 68, 169),
(483, 68, 22),
(484, 68, 21),
(485, 68, 101),
(486, 68, 109),
(487, 68, 156),
(488, 68, 503),
(489, 68, 380),
(490, 68, 271),
(491, 68, 250),
(492, 68, 262),
(493, 68, 256),
(494, 69, 391),
(495, 69, 227),
(496, 69, 246),
(497, 69, 171),
(498, 69, 104),
(499, 70, 217),
(500, 70, 352),
(501, 70, 324),
(502, 70, 199),
(503, 70, 102),
(504, 68, 59),
(505, 68, 61),
(506, 68, 200),
(507, 68, 8),
(508, 68, 510),
(509, 68, 36),
(510, 68, 89),
(511, 68, 89),
(512, 68, 152),
(513, 68, 528),
(514, 68, 149),
(515, 68, 67),
(516, 68, 152),
(517, 68, 183),
(518, 68, 510),
(519, 68, 189),
(520, 68, 10),
(521, 68, 201),
(522, 68, 90),
(523, 68, 504),
(524, 68, 39),
(525, 68, 161),
(526, 68, 15),
(527, 68, 1),
(528, 68, 522),
(529, 67, 77),
(530, 67, 81),
(531, 67, 79),
(532, 67, 17),
(533, 67, 536),
(534, 68, 111),
(535, 68, 31),
(536, 68, 39),
(537, 68, 95),
(538, 68, 522),
(539, 67, 78),
(540, 67, 39),
(541, 67, 39),
(542, 67, 148),
(543, 67, 513),
(544, 68, 31),
(545, 68, 159),
(546, 68, 11),
(547, 68, 59),
(548, 68, 510),
(549, 68, 17),
(550, 68, 142),
(551, 68, 77),
(552, 68, 86),
(553, 68, 528),
(554, 71, 431),
(555, 71, 381),
(556, 71, 471),
(557, 71, 157),
(558, 71, 53),
(559, 72, 318),
(560, 72, 408),
(561, 72, 373),
(562, 72, 194),
(563, 72, 190),
(564, 68, 62),
(565, 68, 117),
(566, 68, 144),
(567, 68, 151),
(568, 68, 502),
(569, 73, 478),
(570, 73, 283),
(571, 73, 376),
(572, 73, 127),
(573, 73, 182),
(574, 74, 208),
(575, 74, 466),
(576, 74, 476),
(577, 74, 68),
(578, 74, 18),
(579, 75, 457),
(580, 75, 264),
(581, 75, 335),
(582, 75, 99),
(583, 75, 99),
(584, 76, 286),
(585, 76, 477),
(586, 76, 482),
(587, 76, 18),
(588, 76, 75),
(589, 77, 314),
(590, 77, 346),
(591, 77, 403),
(592, 77, 17),
(593, 77, 61),
(594, 67, 168),
(595, 67, 64),
(596, 67, 2),
(597, 67, 198),
(598, 67, 516),
(599, 68, 114),
(600, 68, 7),
(601, 68, 140),
(602, 68, 35),
(603, 68, 521),
(604, 67, 172),
(605, 67, 6),
(606, 67, 183),
(607, 67, 129),
(608, 67, 533),
(609, 68, 182),
(610, 68, 100),
(611, 68, 187),
(612, 68, 173),
(613, 68, 507),
(614, 68, 113),
(615, 68, 90),
(616, 68, 22),
(617, 68, 25),
(618, 68, 535),
(619, 68, 133),
(620, 68, 76),
(621, 68, 106),
(622, 68, 192),
(623, 68, 512),
(624, 68, 75),
(625, 68, 105),
(626, 68, 50),
(627, 68, 137),
(628, 68, 507),
(629, 67, 28),
(630, 67, 22),
(631, 67, 158),
(632, 67, 60),
(633, 67, 510),
(634, 68, 138),
(635, 68, 191),
(636, 68, 63),
(637, 68, 13),
(638, 68, 518),
(639, 68, 51),
(640, 68, 152),
(641, 68, 23),
(642, 68, 106),
(643, 68, 515),
(644, 68, 115),
(645, 68, 49),
(646, 68, 70),
(647, 68, 179),
(648, 68, 537),
(649, 68, 80),
(650, 68, 169),
(651, 68, 39),
(652, 68, 147),
(653, 68, 532),
(654, 68, 171),
(655, 68, 42),
(656, 68, 56),
(657, 68, 175),
(658, 68, 507),
(659, 80, 91),
(660, 80, 385),
(953, 110, 302),
(663, 104, 456),
(664, 78, 392),
(665, 78, 344),
(666, 78, 336),
(667, 78, 101),
(668, 78, 38),
(669, 79, 473),
(670, 79, 408),
(671, 79, 277),
(672, 79, 127),
(673, 79, 119),
(674, 104, 123),
(675, 104, 172),
(676, 80, 92),
(954, 110, 272),
(957, 110, 157),
(681, 80, 124),
(682, 80, 20),
(683, 80, 122),
(684, 80, 70),
(685, 80, 87),
(686, 80, 57),
(687, 80, 540),
(688, 81, 216),
(689, 81, 366),
(690, 81, 222),
(691, 81, 49),
(692, 81, 201),
(693, 81, 430),
(694, 81, 360),
(695, 81, 259),
(696, 81, 177),
(697, 81, 190),
(698, 81, 279),
(699, 81, 383),
(700, 81, 492),
(701, 81, 96),
(702, 81, 180),
(703, 81, 254),
(704, 81, 323),
(705, 81, 326),
(706, 81, 83),
(707, 81, 41),
(708, 81, 310),
(709, 81, 400),
(710, 81, 382),
(711, 81, 190),
(712, 81, 192),
(713, 82, 467),
(714, 82, 288),
(715, 82, 477),
(716, 82, 170),
(717, 82, 133),
(718, 83, 176),
(719, 83, 46),
(720, 83, 79),
(721, 83, 114),
(722, 83, 520),
(723, 83, 332),
(724, 83, 395),
(725, 83, 312),
(726, 83, 52),
(727, 83, 34),
(728, 84, 184),
(729, 84, 84),
(730, 84, 100),
(731, 84, 135),
(732, 84, 512),
(733, 80, 121),
(734, 80, 113),
(735, 80, 192),
(736, 106, 534),
(952, 80, 554),
(738, 106, 89),
(740, 24, 195),
(741, 80, 97),
(742, 85, 367),
(743, 85, 468),
(744, 85, 365),
(745, 85, 121),
(746, 85, 33),
(747, 85, 8),
(748, 85, 95),
(749, 85, 32),
(750, 85, 101),
(751, 85, 518),
(754, 106, 322),
(756, 106, 208),
(761, 106, 407),
(763, 106, 183),
(764, 106, 84),
(766, 106, 267),
(767, 106, 90),
(777, 24, 512),
(778, 24, 4),
(779, 24, 43),
(780, 24, 531),
(781, 24, 554),
(782, 24, 547),
(783, 80, 103),
(784, 24, 118),
(785, 87, 254),
(786, 87, 433),
(787, 87, 339),
(788, 87, 100),
(789, 87, 190),
(790, 87, 6),
(791, 87, 143),
(792, 87, 13),
(793, 87, 169),
(794, 87, 515),
(795, 88, 284),
(796, 88, 388),
(797, 88, 346),
(798, 88, 134),
(799, 88, 139),
(800, 88, 76),
(801, 88, 42),
(802, 88, 138),
(803, 88, 154),
(804, 88, 556),
(805, 90, 309),
(806, 90, 413),
(807, 90, 471),
(808, 90, 144),
(809, 90, 167),
(810, 90, 129),
(811, 90, 41),
(812, 90, 139),
(813, 90, 133),
(814, 90, 521),
(815, 91, 471),
(816, 91, 216),
(817, 91, 206),
(818, 91, 115),
(819, 91, 156),
(820, 24, 549),
(821, 92, 336),
(822, 92, 486),
(823, 92, 318),
(824, 92, 10),
(825, 92, 128),
(826, 95, 273),
(827, 95, 463),
(828, 95, 270),
(829, 95, 111),
(830, 95, 124),
(831, 95, 59),
(832, 95, 25),
(833, 95, 74),
(834, 95, 65),
(835, 95, 524),
(836, 96, 263),
(837, 96, 415),
(838, 96, 464),
(839, 96, 132),
(840, 96, 92),
(841, 96, 23),
(842, 96, 99),
(843, 96, 92),
(844, 96, 139),
(845, 96, 532),
(846, 98, 382),
(847, 98, 413),
(848, 98, 264),
(849, 98, 167),
(850, 98, 199),
(851, 98, 90),
(852, 98, 123),
(853, 98, 27),
(854, 98, 176),
(855, 98, 538),
(856, 99, 370),
(857, 99, 297),
(858, 99, 351),
(859, 99, 159),
(860, 99, 61),
(861, 99, 109),
(862, 99, 62),
(863, 99, 104),
(864, 99, 197),
(865, 99, 518),
(866, 100, 406),
(867, 100, 429),
(868, 100, 435),
(869, 100, 131),
(870, 100, 184),
(871, 100, 138),
(872, 100, 68),
(873, 100, 172),
(874, 100, 138),
(875, 100, 509),
(876, 101, 225),
(877, 101, 453),
(878, 101, 389),
(879, 101, 172),
(880, 101, 5),
(881, 101, 190),
(882, 101, 38),
(883, 101, 162),
(884, 101, 164),
(885, 101, 536),
(886, 102, 363),
(887, 102, 291),
(888, 102, 467),
(889, 102, 141),
(890, 102, 194),
(891, 102, 135),
(892, 102, 166),
(893, 102, 171),
(894, 102, 50),
(895, 102, 521),
(903, 106, 271),
(904, 106, 239),
(906, 106, 521),
(1080, 104, 449),
(1079, 115, 195),
(955, 110, 320),
(956, 110, 145),
(944, 80, 200),
(945, 80, 31),
(1331, 104, 393),
(949, 80, 118),
(950, 80, 81),
(1075, 115, 284),
(963, 111, 170),
(1503, 123, 466),
(1298, 104, 5),
(1096, 111, 557),
(967, 111, 521),
(1101, 111, 555),
(993, 111, 46),
(1501, 123, 369),
(1300, 104, 410),
(974, 111, 135),
(1107, 111, 550),
(977, 111, 535),
(1487, 111, 545),
(995, 111, 511),
(990, 111, 552),
(1489, 121, 15),
(1504, 123, 539),
(1497, 119, 429),
(1074, 111, 537),
(1488, 111, 536),
(989, 111, 549),
(1505, 123, 152),
(1038, 112, 218),
(1039, 112, 377),
(1040, 112, 408),
(1041, 112, 95),
(1042, 112, 107),
(1076, 115, 308),
(1078, 115, 126),
(1077, 115, 434),
(1070, 111, 166),
(1474, 120, 266),
(1048, 111, 520),
(1049, 113, 424),
(1050, 113, 438),
(1051, 113, 488),
(1052, 113, 81),
(1053, 113, 39),
(1054, 113, 94),
(1055, 113, 100),
(1056, 113, 86),
(1057, 113, 43),
(1058, 113, 556),
(1059, 113, 229),
(1060, 113, 485),
(1061, 113, 438),
(1062, 113, 106),
(1063, 113, 127),
(1441, 119, 470),
(1440, 119, 348),
(1543, 117, 60),
(1438, 119, 91),
(1437, 119, 35),
(1500, 123, 194),
(1450, 104, 224),
(1083, 104, 118),
(1084, 104, 116),
(1085, 116, 489),
(1086, 116, 232),
(1087, 116, 391),
(1088, 116, 160),
(1089, 116, 11),
(1453, 117, 537),
(1553, 117, 156),
(1093, 111, 156),
(1299, 104, 104),
(1095, 111, 562),
(1552, 117, 521),
(1117, 117, 136),
(1326, 24, 301),
(1119, 117, 154),
(1493, 121, 451),
(1496, 119, 335),
(1122, 117, 512),
(1123, 117, 113),
(1458, 117, 539),
(1492, 121, 303),
(1126, 117, 121),
(1127, 117, 529),
(1128, 118, 395),
(1129, 118, 435),
(1130, 118, 220),
(1131, 118, 93),
(1132, 118, 65),
(1133, 118, 55),
(1134, 118, 47),
(1135, 118, 122),
(1136, 118, 138),
(1137, 118, 563),
(1150, 111, 501),
(1509, 123, 515),
(1152, 111, 111),
(1510, 123, 125),
(1502, 123, 290),
(1155, 119, 143),
(1156, 119, 93),
(1157, 119, 482),
(1158, 119, 292),
(1159, 119, 451),
(1160, 119, 89),
(1161, 119, 20),
(1162, 119, 211),
(1163, 119, 482),
(1164, 119, 415),
(1433, 119, 12),
(1432, 119, 24),
(1435, 119, 368),
(1475, 120, 312),
(1535, 104, 558),
(1325, 24, 47),
(1324, 24, 134),
(1449, 104, 155),
(1297, 117, 16),
(1303, 104, 45),
(1246, 119, 56),
(1247, 119, 69),
(1248, 119, 455),
(1249, 119, 398),
(1250, 119, 477),
(1251, 119, 89),
(1252, 119, 119),
(1253, 119, 338),
(1254, 119, 373),
(1537, 104, 21),
(1256, 119, 29),
(1257, 119, 149),
(1478, 111, 136),
(1259, 119, 449),
(1260, 119, 319),
(1261, 119, 145),
(1262, 119, 187),
(1263, 119, 295),
(1538, 104, 50),
(1265, 119, 299),
(1266, 119, 518),
(1267, 104, 84),
(1268, 104, 131),
(1269, 104, 284),
(1270, 104, 413),
(1470, 117, 562),
(1272, 119, 547),
(1273, 119, 119),
(1274, 119, 111),
(1275, 119, 47),
(1276, 119, 129),
(1277, 119, 172),
(1278, 119, 60),
(1540, 104, 73),
(1555, 117, 91),
(1281, 119, 480),
(1282, 119, 97),
(1283, 119, 124),
(1534, 119, 43),
(1285, 119, 297),
(1491, 121, 243),
(1287, 117, 187),
(1327, 24, 260),
(1304, 104, 26),
(1306, 104, 469),
(1451, 104, 488),
(1473, 120, 353),
(1499, 123, 200),
(1330, 104, 146),
(1329, 104, 106),
(1328, 24, 406),
(1454, 117, 70),
(1554, 117, 148),
(1309, 117, 174),
(1311, 117, 46),
(1472, 120, 89),
(1313, 119, 70),
(1314, 119, 85),
(1315, 119, 279),
(1316, 119, 429),
(1551, 117, 178),
(1318, 117, 515),
(1495, 119, 109),
(1494, 119, 146),
(1321, 117, 65),
(1471, 120, 136),
(1333, 104, 210),
(1339, 119, 117),
(1340, 119, 57),
(1341, 119, 497),
(1342, 119, 485),
(1460, 117, 537),
(1547, 117, 111),
(1546, 117, 515),
(1545, 117, 154),
(1556, 117, 82),
(1533, 123, 121),
(1532, 123, 130),
(1350, 119, 57),
(1351, 119, 180),
(1536, 104, 513),
(1353, 119, 359),
(1354, 119, 323),
(1355, 119, 89),
(1356, 119, 64),
(1490, 121, 141),
(1358, 119, 398),
(1359, 119, 248),
(1360, 119, 152),
(1361, 119, 106),
(1362, 119, 462),
(1541, 117, 501),
(1364, 119, 385),
(1531, 123, 138),
(1530, 123, 154),
(1529, 123, 505),
(1528, 123, 126),
(1527, 123, 7),
(1370, 119, 60),
(1371, 119, 168),
(1372, 119, 334),
(1459, 119, 566),
(1374, 119, 417),
(1375, 119, 53),
(1376, 119, 121),
(1377, 119, 332),
(1378, 119, 359),
(1477, 111, 77),
(1380, 119, 167),
(1381, 119, 149),
(1382, 119, 455),
(1383, 119, 440),
(1384, 119, 413),
(1385, 119, 167),
(1386, 119, 114),
(1387, 119, 288),
(1388, 119, 348),
(1389, 119, 268),
(1390, 119, 72),
(1391, 119, 98),
(1392, 119, 438),
(1393, 119, 305),
(1539, 104, 97),
(1395, 119, 120),
(1396, 119, 57),
(1397, 119, 242),
(1398, 119, 330),
(1399, 119, 394),
(1526, 123, 47),
(1525, 123, 73),
(1524, 123, 537),
(1523, 123, 25),
(1522, 123, 113),
(1405, 119, 84),
(1406, 119, 179),
(1407, 119, 382),
(1465, 117, 556),
(1409, 119, 454),
(1410, 119, 178),
(1411, 119, 6),
(1476, 111, 509),
(1413, 119, 345),
(1414, 119, 321),
(1521, 123, 57),
(1520, 123, 69),
(1519, 123, 505),
(1518, 123, 147),
(1517, 123, 51),
(1516, 123, 109),
(1515, 123, 192),
(1514, 123, 548),
(1513, 123, 101),
(1512, 123, 116),
(1511, 123, 110),
(1506, 123, 82),
(1445, 111, 77),
(1507, 123, 83),
(1508, 123, 135),
(1442, 111, 565);

-- --------------------------------------------------------

--
-- Structure de la table `user`
--

CREATE TABLE `user` (
  `u_id` int(10) UNSIGNED NOT NULL,
  `pseudo` varchar(60) NOT NULL,
  `email` varchar(60) NOT NULL,
  `password` varchar(255) NOT NULL,
  `date` datetime NOT NULL DEFAULT CURRENT_TIMESTAMP,
  `parrain` varchar(60) DEFAULT NULL,
  `level` int(10) DEFAULT '0',
  `xp` int(50) DEFAULT '0',
  `koins` int(30) DEFAULT '0',
  `event` int(10) NOT NULL DEFAULT '0',
  `claw` int(10) NOT NULL DEFAULT '1',
  `king` int(10) NOT NULL DEFAULT '0',
  `exchange` int(10) NOT NULL DEFAULT '0',
  `logoutWin` int(4) DEFAULT NULL,
  `winsVsIA` int(4) DEFAULT NULL,
  `rewardLevel` longtext,
  `infirmary` longtext
) ENGINE=MyISAM DEFAULT CHARSET=latin1;

--
-- Déchargement des données de la table `user`
--

INSERT INTO `user` (`u_id`, `pseudo`, `email`, `password`, `date`, `parrain`, `level`, `xp`, `koins`, `event`, `claw`, `king`, `exchange`, `logoutWin`, `winsVsIA`, `rewardLevel`, `infirmary`) VALUES
(12, 'Zephenox', 'valentin.houssier.plv@gmail.com', '$2y$12$SWs1D03pTdYUvkS6ui3b8exQonVPPHnGLqlwvXRfI9agKuHqj2/8i', '2021-08-08 23:49:58', NULL, 1, 30, 70, 0, 1, 1, 0, 2, 0, '{\"level1\":true,\"level2\":false,\"level3\":false,\"level4\":false,\"level5\":false,\"level6\":false,\"level7\":false,\"level8\":false,\"level9\":false}', ''),
(13, 'Pataouete', 'adrienguilhaume@hotmail.fr', '$2y$12$bECCWDVj8DIhE8WjCJxP1e8.RnddCv6wjBJdQxCuoYr609mu4EG7S', '2021-08-08 23:50:09', NULL, 1, 0, 20, 0, 1, 1, 0, 1, 0, '{\"level1\":true,\"level2\":false,\"level3\":false,\"level4\":false,\"level5\":false,\"level6\":false,\"level7\":false,\"level8\":false,\"level9\":false}', ''),
(14, 'jsqp', 'livioluc55@tzymail.com', '$2y$12$BZQt.MD4Ed6G4a8enarY3e2PjKYDrUb55ut8fl7rCpe1n43dWxBYu', '2021-08-08 23:51:16', NULL, 1, 0, 20, 0, 1, 1, 0, 1, 0, '{\"level1\":true,\"level2\":false,\"level3\":false,\"level4\":false,\"level5\":false,\"level6\":false,\"level7\":false,\"level8\":false,\"level9\":false}', ''),
(15, 'uPeel', 'afinitypeel@gmail.com', '$2y$12$o.LawJy7JThn.ul7b7CvEeOVQRMcPoKAMhsHEpD2LbY2zhD/yuJ9.', '2021-08-08 23:51:38', NULL, 1, 0, 0, 0, 1, 1, 0, 0, 0, '{\"level1\":true,\"level2\":false,\"level3\":false,\"level4\":false,\"level5\":false,\"level6\":false,\"level7\":false,\"level8\":false,\"level9\":false}', ''),
(16, 'Asu', 'hulk00490@gmail.com', '$2y$12$OSu4CeYZLYm.a07SDnMiv.H2v6Sc1Cba.bAb677VaxdJ6/KUuyMfq', '2021-08-08 23:53:42', NULL, 1, 0, 0, 0, 1, 1, 0, 0, 0, '{\"level1\":true,\"level2\":false,\"level3\":false,\"level4\":false,\"level5\":false,\"level6\":false,\"level7\":false,\"level8\":false,\"level9\":false}', ''),
(17, 'Vinz', 'vinzdog@yahoo.com', '$2y$12$uEUdYIIQDrpFVaROrQWZLO0811WlGysGvuSOVsTASrc/HzAMd08q.', '2021-08-08 23:59:58', NULL, 1, 0, 0, 0, 1, 1, 0, 0, 0, '{\"level1\":true,\"level2\":false,\"level3\":false,\"level4\":false,\"level5\":false,\"level6\":false,\"level7\":false,\"level8\":false,\"level9\":false}', ''),
(18, 'RyuBlow', 'RyuBlow@outlook.com', '$2y$12$1sx7wMF4gkq97ls9RROl.uLPdOgG2nQT71S6GWYiBC38j0chYX3YK', '2021-08-09 01:38:58', 'Zephenox', 1, 0, 1500, 0, 1, 1, 0, 0, 0, '{\"level1\":true,\"level2\":false,\"level3\":false,\"level4\":false,\"level5\":false,\"level6\":false,\"level7\":false,\"level8\":false,\"level9\":false}', ''),
(19, 'TiGen', 'lepitaton@gmail.com', '$2y$12$/ISxWfzxaZ5eUV3zyHdsNe8xQlabv99igFW7sSgViDLd8blMOhDBK', '2021-08-09 09:24:06', NULL, 3, 4640, 4270, 0, -1, 0, 0, 6, 1, '{\"level1\":true,\"level2\":false,\"level3\":false,\"level4\":false,\"level5\":false,\"level6\":false,\"level7\":false,\"level8\":false,\"level9\":false}', ''),
(20, 'Toggy', 'gamingtoggy@gmail.com', '$2y$12$gFVx6vf7TsHjq0owmz5x3O49xLrrQ6A2.bNlMpyqHaAWfX3lBxbv.', '2021-08-09 11:39:28', NULL, 1, 30, 70, 0, 1, 1, 0, 2, 0, '{\"level1\":true,\"level2\":false,\"level3\":false,\"level4\":false,\"level5\":false,\"level6\":false,\"level7\":false,\"level8\":false,\"level9\":false}', ''),
(21, 'Skyy', 'skydredmcytb@gmail.com', '$2y$12$mb6Uidukt.DIqwz9RQ1HzOO1rBN5r1A2pANgu5O554zuNIiD8OMua', '2021-08-09 12:24:30', NULL, 1, 310, 580, 0, 0, 0, 0, 3, 0, '{\"level1\":true,\"level2\":false,\"level3\":false,\"level4\":false,\"level5\":false,\"level6\":false,\"level7\":false,\"level8\":false,\"level9\":false}', ''),
(22, 'RememberNiko', 'nikobedhuseur02@gmail.com', '$2y$12$uXrTHLzmoMUeJjerXKH2Z./wt9On4RGa5fAN4alfF6V4ak2mwhP2e', '2021-08-09 14:01:54', NULL, 1, 60, 120, 0, 1, 1, 0, 3, 0, '{\"level1\":true,\"level2\":false,\"level3\":false,\"level4\":false,\"level5\":false,\"level6\":false,\"level7\":false,\"level8\":false,\"level9\":false}', ''),
(23, 'Liver', 'noe.olivier2@gmail.com', '$2y$12$ryCsl2dcG1J1zkoIg9gvvevF4TX3Yl58ptTK.uoX0evfYflBMN6KK', '2021-08-09 14:01:55', NULL, 1, 0, 0, 0, 1, 1, 0, 0, 0, '{\"level1\":true,\"level2\":false,\"level3\":false,\"level4\":false,\"level5\":false,\"level6\":false,\"level7\":false,\"level8\":false,\"level9\":false}', ''),
(24, 'Waks', 'kevinouakil@hotmail.com', '$2y$12$K0V6TZC7.3hppHa8sMNCzegnwEVWYjOVP1AJoKkI3rdQ7BVy9RFrW', '2021-08-10 00:51:25', NULL, 6, 22130, 2840, 0, 0, 0, 0, 7, 29, '{\"level1\":true,\"level2\":false,\"level3\":false,\"level4\":false,\"level5\":true,\"level6\":true,\"level7\":false,\"level8\":false,\"level9\":false}', '{\"bench3_json\":[\"779\",\"740\"],\"bench2_json\":[\"442\"],\"bench_json\":[\"782\"]}'),
(25, 'Ekthron', 'hugofunteam20@gmail.com', '$2y$12$Zgkf8PCCL2peAfApA4cvwOHQSY5viGnV7zb0XCYG3o.GrywF.y3WW', '2021-08-10 18:22:25', 'Waks', 2, 560, 2550, 0, 0, 0, 0, 1, 9, '{\"level1\":true,\"level2\":false,\"level3\":false,\"level4\":false,\"level5\":false,\"level6\":false,\"level7\":false,\"level8\":false,\"level9\":false}', ''),
(26, 'Weida', 'sup3rblairotytb@gmail.com', '$2y$12$ikDLJGCKlOdFrFm6WWEXc.K8.JUynWT8HOxivYE/B1ulD1JPj4rha', '2021-08-11 18:23:38', NULL, 1, 0, 0, 0, 1, 1, 0, 0, 0, '{\"level1\":true,\"level2\":false,\"level3\":false,\"level4\":false,\"level5\":false,\"level6\":false,\"level7\":false,\"level8\":false,\"level9\":false}', ''),
(27, 'Jerkyrio', 'poirierjulien@live.fr', '$2y$12$SULIYTXv5ncOptWhg2HSfOsEKv94/OKZm/GCAwKvsAy8xh/ByW53K', '2021-08-12 15:28:15', NULL, 1, 0, 0, 0, 1, 1, 0, 0, 0, '{\"level1\":true,\"level2\":false,\"level3\":false,\"level4\":false,\"level5\":false,\"level6\":false,\"level7\":false,\"level8\":false,\"level9\":false}', ''),
(28, 'Mashtyx', 'mashtyxpro@gmail.com', '$2y$12$IrKKUwcfXRjMn4ZchpyYNOpc1nL45v6.ZmdRhZfkmLZPQtE3Nhtei', '2021-08-14 00:36:01', NULL, 1, 0, 0, 0, 1, 1, 0, 0, 0, '{\"level1\":true,\"level2\":false,\"level3\":false,\"level4\":false,\"level5\":false,\"level6\":false,\"level7\":false,\"level8\":false,\"level9\":false}', ''),
(29, 'Toggyy', 'lestephanoisdetoulouse@gmail.com', '$2y$12$GZNB5MOJGumauoPsI.ta.OOsTd5GRvXv1XYuzllmu0MJNTJV.xS1e', '2021-08-14 13:20:15', NULL, 1, 0, 0, 0, 1, 1, 0, 0, 0, '{\"level1\":true,\"level2\":false,\"level3\":false,\"level4\":false,\"level5\":false,\"level6\":false,\"level7\":false,\"level8\":false,\"level9\":false}', ''),
(30, 'Toggyyyyy', 'edouardromero31@gmail.com', '$2y$12$U/LHDcDYGZ96XXE4RDwTkO4HauZDACtiRkkExMVDRmdYsvWVnEVxS', '2021-08-14 13:23:11', NULL, 1, 0, 0, 0, 1, 1, 0, 0, 0, '{\"level1\":true,\"level2\":false,\"level3\":false,\"level4\":false,\"level5\":false,\"level6\":false,\"level7\":false,\"level8\":false,\"level9\":false}', ''),
(31, 'Mew', 'contact.mew.pro@gmail.com', '$2y$12$dNnJxx68tX7NETLoxpdrWOoEDe3Fia2rvogIKx3XtU4G70dmTOHBq', '2021-08-15 15:55:24', NULL, 1, 0, 0, 0, 1, 1, 0, 0, 0, '{\"level1\":true,\"level2\":false,\"level3\":false,\"level4\":false,\"level5\":false,\"level6\":false,\"level7\":false,\"level8\":false,\"level9\":false}', ''),
(32, 'Warrio', 'aureliocordova37@gmail.com', '$2y$12$Cvpr7tUSYlxR059G5xo3LuJIlBWJKaIxeFAHCTrduAO01reg8hi0a', '2021-08-16 00:18:43', NULL, 1, 0, 0, 0, 1, 1, 0, 0, 0, '{\"level1\":true,\"level2\":false,\"level3\":false,\"level4\":false,\"level5\":false,\"level6\":false,\"level7\":false,\"level8\":false,\"level9\":false}', ''),
(33, 'Orcksito', 'orcksyt@gmail.com', '$2y$12$vSpoFNldv9FiZfnZJbwJEuHmGBJ9zenBSc0ck9Y4LhAYlopIcOvD6', '2021-08-17 19:25:12', NULL, 1, 0, 0, 0, 1, 1, 0, 0, 0, '{\"level1\":true,\"level2\":false,\"level3\":false,\"level4\":false,\"level5\":false,\"level6\":false,\"level7\":false,\"level8\":false,\"level9\":false}', ''),
(34, 'KenLeSurvivant', 'acelan.asso@gmail.com', '$2y$12$e025U/5PgbZ03.qrrzRTleyTwHh7atfXpWOrS5MhC7HxwUSG7dYme', '2021-08-21 13:24:09', NULL, 1, 0, 0, 0, 1, 1, 0, 0, 0, '{\"level1\":true,\"level2\":false,\"level3\":false,\"level4\":false,\"level5\":false,\"level6\":false,\"level7\":false,\"level8\":false,\"level9\":false}', ''),
(35, 'KtheBest', 'test@gmail.com', '$2y$12$MeEgsk8SCgM2K6wjm9hZrODZf9mq5r/s4Im2cCdaDVRU4FkE.kX3u', '2021-08-23 10:40:36', NULL, 4, 5520, 1350, 0, 1, 0, 0, 10, 0, '{\"level1\":true,\"level2\":false,\"level3\":false,\"level4\":true,\"level5\":false,\"level6\":false,\"level7\":false,\"level8\":false,\"level9\":false}', ''),
(36, 'Aliazar', 'test@gmail.fr', '$2y$12$xx8eUoLQtWR803fRmT65DekQcpQ3zOMV8jCVsgaJALHmuvsa46/hu', '2021-08-23 10:58:51', NULL, 1, 0, 20, 0, 0, 0, 0, 1, 0, '{\"level1\":true,\"level2\":false,\"level3\":false,\"level4\":false,\"level5\":false,\"level6\":false,\"level7\":false,\"level8\":false,\"level9\":false}', ''),
(42, 'patch', 'patch@gmail.com', '$2y$12$5e6E4a7.bczLQc0Rnxg/qu2uPfIahxMBSo2QLzvHweQe007FZZkHC', '2021-09-03 17:16:24', NULL, 1, 0, 0, 0, 1, 0, 0, 0, 0, '{\"level1\":true,\"level2\":false,\"level3\":false,\"level4\":false,\"level5\":false,\"level6\":false,\"level7\":false,\"level8\":false,\"level9\":false}', ''),
(37, 'dev', 'dev@gmail.com', '$2y$12$fJIeIME1zTEVmyAnDbSpk.24vuKhhyBNWUF28RcCle0VaI9KwgpPO', '2021-08-23 15:13:33', NULL, 1, 30, 70, 0, 0, 0, 0, 2, 0, '{\"level1\":true,\"level2\":false,\"level3\":false,\"level4\":false,\"level5\":false,\"level6\":false,\"level7\":false,\"level8\":false,\"level9\":false}', ''),
(38, 'dev2', 'dev2@gmail.com', '$2y$12$MELLfUq/ndGJny7pGynwReXJBOPIVBN09mAgN1EiwMNU3GQb9IwbG', '2021-08-23 15:29:23', NULL, 1, 0, 0, 0, 0, 0, 0, 0, 0, '{\"level1\":true,\"level2\":false,\"level3\":false,\"level4\":false,\"level5\":false,\"level6\":false,\"level7\":false,\"level8\":false,\"level9\":false}', ''),
(44, 'Kidox', 'contact.kidox@gmail.com', '$2y$12$BIaS2rJR50Cofc3PTHlCMO7ioy7DaSgVCwdR0Yj9DBi7B.Cxd12Fa', '2021-09-25 12:57:55', NULL, 1, 100, 200, 0, 0, 0, 0, 0, 0, '{\"level1\":true,\"level2\":false,\"level3\":false,\"level4\":false,\"level5\":false,\"level6\":false,\"level7\":false,\"level8\":false,\"level9\":false}', ''),
(39, 'Jerkyrio2', 'jerkyrio.pro@gmail.com', '$2y$12$eT9J3EFDDkjChnzZjZwmGOlHpz.Lrhi0KspZ3zhVusg.SJHwr8myS', '2021-08-26 12:11:46', NULL, 1, 510, 810, 0, 0, 0, 0, 2, 0, '{\"level1\":true,\"level2\":false,\"level3\":false,\"level4\":false,\"level5\":false,\"level6\":false,\"level7\":false,\"level8\":false,\"level9\":false}', ''),
(40, 'Jesuus', 'Jesus@gmail.com', '$2y$12$j.CJmIP1PABYKyLnFAxFGORRc.LWfQvE7vCnprE3ry5ed7k2YH/ZS', '2021-08-30 14:01:20', NULL, 1, 0, 40, 0, 0, 0, 0, 2, 0, '{\"level1\":true,\"level2\":false,\"level3\":false,\"level4\":false,\"level5\":false,\"level6\":false,\"level7\":false,\"level8\":false,\"level9\":false}', ''),
(41, 'Het', 'theoboubert@gmail.com', '$2y$12$pEQeCSpL4URZkUhPh4q8IulAdkNW7fjyQS5lbtwtECMatB5bm/d5O', '2021-09-03 11:37:29', NULL, 1, 0, 0, 0, 1, 0, 0, 0, 0, '{\"level1\":true,\"level2\":false,\"level3\":false,\"level4\":false,\"level5\":false,\"level6\":false,\"level7\":false,\"level8\":false,\"level9\":false}', ''),
(43, 'Nxnjaa', 'antoine.janin54@gmail.com', '$2y$12$6GhcDrWfEpcMlYr2QI2mheWp6LsfuE9PLe2vKL2h/TGtZOB5E4jeK', '2021-09-04 07:00:27', NULL, 1, 0, 20, 0, 0, 0, 0, 1, 0, '{\"level1\":true,\"level2\":false,\"level3\":false,\"level4\":false,\"level5\":false,\"level6\":false,\"level7\":false,\"level8\":false,\"level9\":false}', ''),
(45, 'lnb', 'samb76lh@gmail.com', '$2y$12$feTgb2QP2qqdLEliSFqWmegwFeBHSNFTIUZUCyGNgstSJ7E8U7UgK', '2021-09-28 09:31:17', NULL, 1, 30, 50, 0, -1, 0, 0, 1, 0, '{\"level1\":true,\"level2\":false,\"level3\":false,\"level4\":false,\"level5\":false,\"level6\":false,\"level7\":false,\"level8\":false,\"level9\":false}', ''),
(46, 'bibi', 'bin@gmail.com', '$2y$12$X8SFwoqEoi91Dk3bToGaw.40kFri0oyIS/0jT5UAtXT0e4JQut8Vm', '2021-10-08 11:53:41', 'test', 1, 230, 1930, 0, 0, 0, 0, 0, 0, '{\"level1\":true,\"level2\":false,\"level3\":false,\"level4\":false,\"level5\":false,\"level6\":false,\"level7\":false,\"level8\":false,\"level9\":false}', ''),
(47, 'jo', 'jo@jo.jo', '$2y$12$/uN9Q8yRBpLYHuv01jxXuecjhYjPbuVwzftJ7COx9JJ7n4lMFIdSi', '2021-10-08 11:56:28', NULL, 1, 340, 680, 0, 0, 0, 0, 0, 0, '{\"level1\":true,\"level2\":false,\"level3\":false,\"level4\":false,\"level5\":false,\"level6\":false,\"level7\":false,\"level8\":false,\"level9\":false}', ''),
(79, 'dyonysosd', 'dyonysosd@yahoo.fr', '$2y$12$eSLVcCLfAy2crUzdlwoeaOzuA.CQLJ6tplhJ5qRqNNJyHqGlaQHPm', '2021-12-23 12:39:17', NULL, 1, 0, 20, 0, 0, 0, 0, NULL, 0, '{\"level1\":true,\"level2\":false,\"level3\":false,\"level4\":false,\"level5\":false,\"level6\":false,\"level7\":false,\"level8\":false,\"level9\":false}', ''),
(49, 'Joe5', 'Joe@joe.com', '$2y$12$TNOAbPpXRfY.j7svT9QCO.fG6Y6YaRcc9DErzpagfy9FNL3M4MMSa', '2021-10-11 15:20:12', 'Aby', 1, 0, 1500, 0, 1, 1, 0, 0, 0, '{\"level1\":true,\"level2\":false,\"level3\":false,\"level4\":false,\"level5\":false,\"level6\":false,\"level7\":false,\"level8\":false,\"level9\":false}', ''),
(50, 'lili', 'li@li.li', '$2y$12$cbTQxnsvS16WEbE6oXUY5.F79xaLq0QjengXIEQQyXyZrYnNqQmce', '2021-10-15 18:42:59', 'test', 1, 110, 1860, 0, 0, 0, 0, 1, 0, '{\"level1\":true,\"level2\":false,\"level3\":false,\"level4\":false,\"level5\":false,\"level6\":false,\"level7\":false,\"level8\":false,\"level9\":false}', ''),
(51, '1harry', 'romain.angrybirds@gmail.com', '$2y$12$tqEtULmNPEzu6Q3SBj7x3OSp./iLGJQPzG54geGMqwxXuxxUFow6S', '2021-10-17 19:52:57', NULL, 1, 0, 0, 0, 0, 0, 0, 0, 0, '{\"level1\":true,\"level2\":false,\"level3\":false,\"level4\":false,\"level5\":false,\"level6\":false,\"level7\":false,\"level8\":false,\"level9\":false}', ''),
(52, 'test2', 'test2@gmail.com', '$2y$12$gcDfiqv9x69wkiPqxpioRODX.NGcrfDPMPncmuJ8kJ291hLt7GSN.', '2021-10-19 11:42:53', 'test', 1, 90, 1670, 0, 0, 0, 0, 0, 0, '{\"level1\":true,\"level2\":false,\"level3\":false,\"level4\":false,\"level5\":false,\"level6\":false,\"level7\":false,\"level8\":false,\"level9\":false}', ''),
(53, 'nathgold71', 'nathgold71@gmail.com', '$2y$12$Z6vXStnfsVYwRchucoIr5ehnOPPFfPAvQAj6xd99xHBxyEnIrdy4i', '2021-10-20 23:34:52', NULL, 1, 10, 20, 0, 0, 0, 0, 0, 0, '{\"level1\":true,\"level2\":false,\"level3\":false,\"level4\":false,\"level5\":false,\"level6\":false,\"level7\":false,\"level8\":false,\"level9\":false}', ''),
(54, 'Battle', 'battle@gmail.com', '$2y$12$hGqgZ6KY6PWyTxPk6MScY.QZ8Mo9or9nHgS4FtFDdJDpY6Ty.mQ1S', '2021-10-22 14:55:15', NULL, 1, 0, 20, 0, 0, 0, 0, 1, 0, '{\"level1\":true,\"level2\":false,\"level3\":false,\"level4\":false,\"level5\":false,\"level6\":false,\"level7\":false,\"level8\":false,\"level9\":false}', ''),
(55, 'SwiiDz', 'LOIC.barthelemy026@gmail.com', '$2y$12$ZI1fk3LJ9WUqNegYmE3sre7wYVP8uGk6BshDlMHCfL1j104qYQDNC', '2021-10-27 14:56:20', 'Waks', 1, 50, 1610, 0, 0, 0, 0, 1, 0, '{\"level1\":true,\"level2\":false,\"level3\":false,\"level4\":false,\"level5\":false,\"level6\":false,\"level7\":false,\"level8\":false,\"level9\":false}', ''),
(56, 'lolo', 'biner@gmail.com', '$2y$12$qAen9y4pqbVmhlGOgElaWOdMoTvwzDsJcU05iKnVMqa46AhRDdpKq', '2021-11-02 10:25:22', NULL, 1, 0, 0, 0, 1, 0, 0, NULL, NULL, '{\"level1\":true,\"level2\":false,\"level3\":false,\"level4\":false,\"level5\":false,\"level6\":false,\"level7\":false,\"level8\":false,\"level9\":false}', ''),
(57, 'parrain', 'parrain@parrain.pr', '$2y$12$enFoQ8zykQRX0apSN/gIMedZAKuhAuARh/K6ZsCb.1BJ/m/RcOmyG', '2021-11-05 16:38:08', 'test', 1, 0, 1540, 0, 0, 0, 0, 2, NULL, '{\"level1\":true,\"level2\":false,\"level3\":false,\"level4\":false,\"level5\":false,\"level6\":false,\"level7\":false,\"level8\":false,\"level9\":false}', ''),
(58, 'erdg', 'tovlwjhh1c@mac-24.com', '$2y$12$98MXRpmQau3Wc1l1R6uqneXaWoD7I0cx.m777i2XRlvzHSTw4iqv.', '2021-11-05 20:50:09', 'Ekthron', 1, 30, 590, 1, 0, 0, 0, 3, NULL, '{\"level1\":true,\"level2\":false,\"level3\":false,\"level4\":false,\"level5\":false,\"level6\":false,\"level7\":false,\"level8\":false,\"level9\":false}', ''),
(59, 'King', 'king@gmail.com', '$2y$12$izUYfWAj/2ez3pYPZej3JeAw/vJztPMuIZAFE78zATEV52tJdGbsW', '2021-11-08 10:42:02', 'Aby', 1, 130, 1740, 0, 1, 0, 0, NULL, 0, '{\"level1\":true,\"level2\":false,\"level3\":false,\"level4\":false,\"level5\":false,\"level6\":false,\"level7\":false,\"level8\":false,\"level9\":false}', ''),
(60, 'jojo', 'jo@jo.jojo', '$2y$12$/9.L2q4e6PhxQcnnBH0VAOkXrl1RqtmcDwgYiXoBmhPQ1y3Qfi1HG', '2021-11-12 14:47:47', 'lili', 1, 0, 1500, 0, 1, 1, 0, NULL, NULL, '{\"level1\":true,\"level2\":false,\"level3\":false,\"level4\":false,\"level5\":false,\"level6\":false,\"level7\":false,\"level8\":false,\"level9\":false}', ''),
(61, 'ju', 'ju@ju.ju', '$2y$12$paJwNnXysWS19JM1G5FoC.9b4KceEU9xmqUkVTrFMu8TfqL5xSNbO', '2021-11-18 11:05:44', 'test', 1, 60, 1620, 0, 0, 0, 0, 3, NULL, '{\"level1\":true,\"level2\":false,\"level3\":false,\"level4\":false,\"level5\":false,\"level6\":false,\"level7\":false,\"level8\":false,\"level9\":false}', ''),
(80, 'Waks JR', 'kwkesport@gmail.com', '$2y$12$U/WgFPHql5v9QsymGlAxhOE14sCWkIbh0xk7sZ9WkQ5FcETNRdj4C', '2021-12-26 04:07:24', 'Waks', 4, 6170, 570, 0, 0, 0, 0, NULL, 54, '{\"level1\":true,\"level2\":true,\"level3\":true,\"level4\":true,\"level5\":false,\"level6\":false,\"level7\":false,\"level8\":false,\"level9\":false}', ''),
(62, 'Lala', 'lala@lala.com', '$2y$12$k9Dw3rE/YBZit40Frg.XZOvXR9UdsNZxqioPtq4lZq/vOnWRZXzzi', '2021-11-29 10:17:08', 'Aby', 1, 10, 1540, 0, 0, 0, 0, NULL, 0, '{\"level1\":true,\"level2\":false,\"level3\":false,\"level4\":false,\"level5\":false,\"level6\":false,\"level7\":false,\"level8\":false,\"level9\":false}', ''),
(63, 'CoachTayzqo', 'hitakefn@gmail.com', '$2y$12$EvxDcIb9Uatm.b7KjrZGgeGVDrvIMNsNN/.O68Fwy3wjA9bVpwby6', '2021-11-30 09:00:44', NULL, 1, 10, 20, 0, 0, 0, 0, NULL, 0, '{\"level1\":true,\"level2\":false,\"level3\":false,\"level4\":false,\"level5\":false,\"level6\":false,\"level7\":false,\"level8\":false,\"level9\":false}', ''),
(67, 'Kaygoke', 'lucapatate@gmail.com', '$2y$12$rh4tmLoD4UF3guAf86Ujl.9c8X8cljVW/fXt3bzxFZD9yRm9acpHy', '2021-12-10 16:20:23', 'kTheBest', 5, 19230, 450, 0, 0, 0, 0, 3, 79, '{\"level1\":true,\"level2\":false,\"level3\":false,\"level4\":false,\"level5\":false,\"level6\":false,\"level7\":false,\"level8\":false,\"level9\":false}', ''),
(68, 'Aerandire', 'aerandire.chanel@gmail.com', '$2y$12$hdKleVxNvYyIOMEj9U.EpexKhTsTtxsCEDRXDLhlYxgXNMhZ3Ii4G', '2021-12-10 18:15:02', 'Kaygoke', 7, 20000, 4340, 0, 0, 0, 0, 5, 19, '{\"level1\":true,\"level2\":false,\"level3\":false,\"level4\":false,\"level5\":false,\"level6\":false,\"level7\":false,\"level8\":false,\"level9\":false}', ''),
(69, 'Faus', 'youfaus@gmail.com', '$2y$12$j2toCx8n0WLpFk9U.SC/Zulo2bZR.XgvNpHVrud309BiDMzvx/i7q', '2021-12-10 19:20:49', NULL, 1, 0, 60, 0, 0, 0, 0, 3, NULL, '{\"level1\":true,\"level2\":false,\"level3\":false,\"level4\":false,\"level5\":false,\"level6\":false,\"level7\":false,\"level8\":false,\"level9\":false}', ''),
(72, 'Gwelto', 'gwel.breard@gmail.com', '$2y$12$LXWFJ06HDW8NAznOP0.eWeZ7JXwuuI0.bRpadTSnSMIeL29bxN8oG', '2021-12-14 14:04:12', NULL, 1, 0, 700, 0, 0, 0, 0, NULL, 0, '{\"level1\":true,\"level2\":false,\"level3\":false,\"level4\":false,\"level5\":false,\"level6\":false,\"level7\":false,\"level8\":false,\"level9\":false}', ''),
(73, 'Red', 'red.blue@hotmail.fr', '$2y$12$vWXsK3erZ3nsxkCkVHzGJuQsbTiF/JE.NjDTSYq0mePto8Kl0UuB.', '2021-12-14 14:26:31', NULL, 1, 0, 0, 0, 0, 0, 0, NULL, NULL, '{\"level1\":true,\"level2\":false,\"level3\":false,\"level4\":false,\"level5\":false,\"level6\":false,\"level7\":false,\"level8\":false,\"level9\":false}', ''),
(74, 'DonisLaMalice', 'a@a.fr', '$2y$12$AcgOJXwvztYAmODAGK0vxOJ3XT74sHPaYXVVyyMCPfek3A/gnIFGC', '2021-12-14 14:28:58', NULL, 1, 0, 40, 0, 0, 0, 0, 2, NULL, '{\"level1\":true,\"level2\":false,\"level3\":false,\"level4\":false,\"level5\":false,\"level6\":false,\"level7\":false,\"level8\":false,\"level9\":false}', ''),
(77, 'Blue', 'red.blue@hotmail.com', '$2y$12$x6gVA/Qh0UW3vpwEWU8FN.NZwJ7ucUk7QPf7Z/QxZDGl3EHVRCsGq', '2021-12-14 14:35:27', NULL, 1, 150, 3700, 0, 0, 0, 0, 1, 0, '{\"level1\":true,\"level2\":false,\"level3\":false,\"level4\":false,\"level5\":false,\"level6\":false,\"level7\":false,\"level8\":false,\"level9\":false}', ''),
(78, 'Keoz', 'contact.keoz@gmail.com', '$2y$12$/WnD1smqfpKz3oS1cW3K0OjHWA3H/aXhARo1NDbQH2jCh9cPaZGIe', '2021-12-16 14:57:45', NULL, 1, 0, 0, 0, 0, 0, 0, NULL, 0, '{\"level1\":true,\"level2\":false,\"level3\":false,\"level4\":false,\"level5\":false,\"level6\":false,\"level7\":false,\"level8\":false,\"level9\":false}', ''),
(81, 'NavyARmonster', 'bluemathis59@gmail.com', '$2y$12$GJiC0r97XNuoCusqX3h9M.W94pqtKcWRjiCvGjtwX8GhB9OqfOxEG', '2021-12-29 23:12:55', NULL, 1, 0, 20, 0, -4, 0, 0, 2, NULL, '{\"level1\":true,\"level2\":false,\"level3\":false,\"level4\":false,\"level5\":false,\"level6\":false,\"level7\":false,\"level8\":false,\"level9\":false}', ''),
(82, 'DreamzMNG', 'begaborique50.gaming.fr@gmail.com', '$2y$12$hZ3aHBpXJAAIP9P83L6YNODcHBZLvEfhqeyh7RcKXVdK42UChF3G6', '2021-12-29 23:15:31', NULL, 1, 0, 20, 0, 0, 0, 0, NULL, 0, '{\"level1\":true,\"level2\":false,\"level3\":false,\"level4\":false,\"level5\":false,\"level6\":false,\"level7\":false,\"level8\":false,\"level9\":false}', ''),
(83, 'Antho', 'perreraanthony3@gmail.com', '$2y$12$oxwK0ZRQVH3I9mDldveP7uUGT5a4.RA/9hri9IPXLg.2l7XAjRlFW', '2022-01-12 00:53:08', 'Waks', 1, 30, 1550, 0, 0, 0, 0, NULL, 1, '{\"level1\":true,\"level2\":false,\"level3\":false,\"level4\":false,\"level5\":false,\"level6\":false,\"level7\":false,\"level8\":false,\"level9\":false}', ''),
(84, 'kaygoque', 'kaygoke@gmail.com', '$2y$12$8ONObt18amZp5Y1MqT5hwOQbxomzQ99cEfmXqedFQqoNZ3pf6diGm', '2022-01-17 16:11:38', 'Kaygoke', 1, 30, 1550, 0, 1, 0, 0, 1, NULL, '{\"level1\":true,\"level2\":false,\"level3\":false,\"level4\":false,\"level5\":false,\"level6\":false,\"level7\":false,\"level8\":false,\"level9\":false}', ''),
(123, 'tangente', 'r@r', '$2y$12$VE10hYnu1JVdrl3z.fEVhuExkkPj8mX/i7b73qVAe0uQNm3cwFtgK', '2022-04-02 11:26:58', 'Waks', 7, 30030, 1560, 0, 1, 4, 0, NULL, 0, '{\"level1\":true,\"level2\":false,\"level3\":false,\"level4\":false,\"level5\":false,\"level6\":false,\"level7\":true,\"level8\":false,\"level9\":false}', '{\"bench3_json\":[\"1522\",\"1530\",\"1533\",\"1509\",\"1528\"],\"bench2_json\":[\"1524\",\"1508\",\"1529\",\"1532\"],\"bench_json\":[\"1514\",\"1504\",\"1519\"]}'),
(103, 'demo', 'demo@gmail.com', '$2y$12$FeMg.CgYIoYDMJ/bapm3BuoKplOBnnwmrivd0LHmKYbaZmI796cGS', '2022-02-23 20:12:55', 'Asu', 1, 0, 1500, 0, 1, 1, 0, NULL, NULL, '{\"level1\":true,\"level2\":false,\"level3\":false,\"level4\":false,\"level5\":false,\"level6\":false,\"level7\":false,\"level8\":false,\"level9\":false}', ''),
(91, 'Chancla', 'etienne.goudot@hotmail.com', '$2y$12$LTLk/az.8USOwutHwnTIh.g.F8Hc69E4zfQb2ieZpfLAgKfbA4smW', '2022-02-21 14:33:10', NULL, 1, 30, 50, 0, 0, 0, 0, NULL, NULL, '{\"level1\":true,\"level2\":false,\"level3\":false,\"level4\":false,\"level5\":false,\"level6\":false,\"level7\":false,\"level8\":false,\"level9\":false}', ''),
(104, 'Lado', 'dorianekambi@gmail.com', '$2y$12$77lx5nEPiHLvyEIkXC.4J.F7wP7piqTdRbdntnWALSEKHojweipBS', '2022-02-27 14:33:57', NULL, 6, 20010, 83020, 1, 0, 0, 1, NULL, 0, '{\"level1\":true,\"level2\":false,\"level3\":false,\"level4\":false,\"level5\":true,\"level6\":true,\"level7\":false,\"level8\":false,\"level9\":true}', '{\"bench3_json\":[\"1083\",\"1299\",\"1084\",\"1268\"],\"bench2_json\":[],\"bench_json\":[]}'),
(105, 'BladeTV', 'louiswoufi19@gmail.com', '$2y$12$BacgR8Gz1C9fUpFqSviFeO5GxyCx8VJMrpntNty5eoL6UZu2wi1Ka', '2022-02-27 18:58:09', NULL, 1, 0, 0, 0, 0, 0, 0, NULL, 0, '{\"level1\":true,\"level2\":false,\"level3\":false,\"level4\":false,\"level5\":false,\"level6\":false,\"level7\":false,\"level8\":false,\"level9\":false}', ''),
(106, 'pamplemousse', 'nardin.zoe06@gmail.com', '$2y$12$.BXFZ6RNs1p65F.0Cy3ZVuGOrBu0HtfJPR.hSGzKU.6TFKulNjgEC', '2022-02-27 19:35:26', 'Waks Jr', 2, 1120, 380, 0, 0, 0, 0, NULL, 0, '{\"level1\":true,\"level2\":true,\"level3\":false,\"level4\":false,\"level5\":false,\"level6\":false,\"level7\":false,\"level8\":false,\"level9\":false}', ''),
(107, 'Sunny', 'test@test.com', '$2y$12$l7I/YcL8IFqLBz1r.ix90.ZdYOFKHNBv4X7sU3MsJyy5xfDF8N8La', '2022-02-28 21:07:51', 'Pamplemousse', 1, 0, 1500, 0, 1, 1, 0, NULL, NULL, '{\"level1\":true,\"level2\":false,\"level3\":false,\"level4\":false,\"level5\":false,\"level6\":false,\"level7\":false,\"level8\":false,\"level9\":false}', ''),
(108, 'Suny', 'kwkesport1@gmail.com', '$2y$12$IbjzvSiTVdmkflii8RQnLOTMgSSw.O2yIb3JioLLt5Art9bKvhNXq', '2022-02-28 21:12:35', 'Pamplemousse', 1, 0, 1500, 0, 1, 1, 0, NULL, NULL, '{\"level1\":true,\"level2\":false,\"level3\":false,\"level4\":false,\"level5\":false,\"level6\":false,\"level7\":false,\"level8\":false,\"level9\":false}', ''),
(109, 'Sunyy', 'kwkesport@hotmail.com', '$2y$12$m4RuTVVwlnECmgwFA0xy5O7EhP2iToB8T96y1I3kZDlJ/qwU9fUoS', '2022-02-28 21:16:52', 'Antho', 1, 0, 1500, 0, 1, 1, 0, NULL, NULL, '{\"level1\":true,\"level2\":false,\"level3\":false,\"level4\":false,\"level5\":false,\"level6\":false,\"level7\":false,\"level8\":false,\"level9\":false}', ''),
(110, 'Â°LoicÂ°', 'Loic23@gmail.com', '$2y$12$PffpODYiAJzliWf9yvHMhuSJiuRhaUkHZIhy28prR0LlPiX9r8udC', '2022-03-02 22:51:40', NULL, 1, 40, 80, 0, 0, 0, 0, NULL, 0, '{\"level1\":true,\"level2\":false,\"level3\":false,\"level4\":false,\"level5\":false,\"level6\":false,\"level7\":false,\"level8\":false,\"level9\":false}', ''),
(111, 'Sephix', 'Sephix@gmail.com', '$2y$12$F04zqog8LecjDbnWoVWQy.58MgS4yAZDxyEB.zbayIU/p1JPOw9Zu', '2022-03-02 22:58:57', 'pamplemousse', 7, 32150, 3940, 0, 0, 0, 0, NULL, 352, '{\"level1\":true,\"level2\":true,\"level3\":true,\"level4\":true,\"level5\":true,\"level6\":true,\"level7\":true,\"level8\":false,\"level9\":false}', '{\"bench3_json\":[\"1096\",\"1101\"],\"bench2_json\":[\"1074\"],\"bench_json\":[\"1095\",\"977\"]}'),
(112, 'Matteofar92', 'matteo.far@orange.fr', '$2y$12$ypn4VGh78VTFs/gcq0jxuO78gMmJRinrjbOWzaJF59dbPmJ3bLec6', '2022-03-03 18:32:57', NULL, 1, 0, 0, 0, 0, 0, 0, NULL, NULL, '{\"level1\":true,\"level2\":false,\"level3\":false,\"level4\":false,\"level5\":false,\"level6\":false,\"level7\":false,\"level8\":false,\"level9\":false}', ''),
(113, 'Kayzon', 'kayzon@gmail.com', '$2y$12$9E8R2FpPwnTIBkOFE.ie6Oz/2xgNWrrM/H4Hjn/v6Kj46uOvtSNUS', '2022-03-07 19:30:27', 'Sephix', 2, 1340, 3890, 0, 0, 0, 0, NULL, 21, '{\"level1\":true,\"level2\":true,\"level3\":false,\"level4\":false,\"level5\":false,\"level6\":false,\"level7\":false,\"level8\":false,\"level9\":false}', ''),
(116, 'Flo', 'leaderflocaz@outlook.fr', '$2y$12$Ii9hoXohyA6FtCR3/tU80.MvG16tV5udKMCv4zgHAsYpHUsbDiij.', '2022-03-14 14:35:26', NULL, 1, 0, 0, 0, 0, 0, 0, NULL, NULL, '{\"level1\":true,\"level2\":false,\"level3\":false,\"level4\":false,\"level5\":false,\"level6\":false,\"level7\":false,\"level8\":false,\"level9\":false}', NULL),
(122, 'FloTest', 'test@hotmail.fr', 'Test123$', '2022-04-01 16:23:48', NULL, 1, 500, 50000, 0, 0, 0, 0, NULL, NULL, '', NULL),
(121, 'fayssalhack', 'hq9pbkb2f@1337.cloudns.nz', '$2y$12$5ssISvPIbFGvQoznX1FVt.bRQOnTXpwL8eAKQx7u2aWaCkSo54RUC', '2022-03-29 11:18:56', NULL, 1, 0, 0, 0, 0, 0, 0, NULL, 0, '{\"level1\":true,\"level2\":false,\"level3\":false,\"level4\":false,\"level5\":false,\"level6\":false,\"level7\":false,\"level8\":false,\"level9\":false}', NULL),
(115, 'Kiki95tkt', 'mizelezolakylian@gmail.com', '$2y$12$iTBLJLEDoDP35LYFjmD8oefWl0m1EYrqJPJZwj1ffvb9Q3LhAOR8u', '2022-03-14 09:12:47', NULL, 1, 210, 410, 0, 0, 0, 0, NULL, 1, '{\"level1\":true,\"level2\":false,\"level3\":false,\"level4\":false,\"level5\":false,\"level6\":false,\"level7\":false,\"level8\":false,\"level9\":false}', ''),
(117, 'kyky', 'k@k', '$2y$12$lZR8RaLboxuoyv3JPXbcKe.jR0gbPIlGQy2QZazzFVd./rxzFWkU.', '2022-03-16 10:41:41', NULL, 5, 10070, 19150, 0, 0, 0, 0, NULL, 1, '{\"level1\":true,\"level2\":false,\"level3\":false,\"level4\":false,\"level5\":true,\"level6\":false,\"level7\":false,\"level8\":false,\"level9\":false}', '{\"bench3_json\":[\"1117\",\"1126\",\"1112\",\"1116\"],\"bench2_json\":[\"1123\",\"1122\",\"1111\"],\"bench_json\":[\"1127\",\"1119\"]}'),
(120, 'Pyromanprod', 'renaudkieffer6@gmail.com', '$2y$12$F8YxllFvHD41Mjj1HUOHuO.k.pG5dQaSlXE9gz2vnMOovgxtaYV0W', '2022-03-28 17:18:09', NULL, 1, 0, 0, 0, 0, 0, 0, NULL, NULL, '{\"level1\":true,\"level2\":false,\"level3\":false,\"level4\":false,\"level5\":false,\"level6\":false,\"level7\":false,\"level8\":false,\"level9\":false}', NULL),
(118, 'Ozmog', 'baptisteprat29@gmail.com', '$2y$12$Ink9B9mhFVhhDFXTOQg2auENMtX8g9g3my/P0e3gOw96YkF6.HlRa', '2022-03-17 21:50:58', 'Waks', 1, 50, 1575, 0, 0, 0, 0, NULL, 0, '{\"level1\":true,\"level2\":false,\"level3\":false,\"level4\":false,\"level5\":false,\"level6\":false,\"level7\":false,\"level8\":false,\"level9\":false}', NULL),
(119, 'zakhiel', 'lucrigaud@gmail.com', '$2y$12$aEUeEe1lDdtGp.0MAOqxDegssoeyur2ks/bt6fp4NJ2da.D.wuHn2', '2022-03-21 11:56:58', NULL, 1, 200, 88240, 0, 0, 0, 0, NULL, 3, '{\"level1\":true,\"level2\":false,\"level3\":false,\"level4\":false,\"level5\":false,\"level6\":false,\"level7\":false,\"level8\":false,\"level9\":false}', NULL);

--
-- Index pour les tables déchargées
--

--
-- Index pour la table `friends`
--
ALTER TABLE `friends`
  ADD PRIMARY KEY (`id`);

--
-- Index pour la table `infirmary`
--
ALTER TABLE `infirmary`
  ADD PRIMARY KEY (`id`);

--
-- Index pour la table `kard`
--
ALTER TABLE `kard`
  ADD PRIMARY KEY (`id`);

--
-- Index pour la table `ukards`
--
ALTER TABLE `ukards`
  ADD UNIQUE KEY `rowID` (`rowID`);

--
-- Index pour la table `user`
--
ALTER TABLE `user`
  ADD PRIMARY KEY (`u_id`),
  ADD UNIQUE KEY `pseudo` (`pseudo`);

--
-- AUTO_INCREMENT pour les tables déchargées
--

--
-- AUTO_INCREMENT pour la table `friends`
--
ALTER TABLE `friends`
  MODIFY `id` int(11) NOT NULL AUTO_INCREMENT;

--
-- AUTO_INCREMENT pour la table `infirmary`
--
ALTER TABLE `infirmary`
  MODIFY `id` int(11) NOT NULL AUTO_INCREMENT;

--
-- AUTO_INCREMENT pour la table `kard`
--
ALTER TABLE `kard`
  MODIFY `id` int(11) NOT NULL AUTO_INCREMENT, AUTO_INCREMENT=577;

--
-- AUTO_INCREMENT pour la table `ukards`
--
ALTER TABLE `ukards`
  MODIFY `rowID` int(11) NOT NULL AUTO_INCREMENT, AUTO_INCREMENT=1557;

--
-- AUTO_INCREMENT pour la table `user`
--
ALTER TABLE `user`
  MODIFY `u_id` int(10) UNSIGNED NOT NULL AUTO_INCREMENT, AUTO_INCREMENT=124;
COMMIT;

/*!40101 SET CHARACTER_SET_CLIENT=@OLD_CHARACTER_SET_CLIENT */;
/*!40101 SET CHARACTER_SET_RESULTS=@OLD_CHARACTER_SET_RESULTS */;
/*!40101 SET COLLATION_CONNECTION=@OLD_COLLATION_CONNECTION */;
